TenureMonths,MonthlyCharges,TotalCharges,ContractType,PaymentMethod,TechSupport,OnlineSecurity,StreamingTV,SeniorCitizen,NumProducts,Churned
28,20.44,1106.22,month-to-month,mailed_check,1,1,0,0,3,0
7,30.67,126.88,two-year,credit_card,0,1,1,0,1,0
22,110.85,2114.01,one-year,electronic_check,0,0,0,0,6,0
46,46.07,2138.81,month-to-month,mailed_check,0,0,0,1,6,0
28,27.53,946.66,month-to-month,electronic_check,0,0,0,0,5,0
5,95.32,407.38,two-year,bank_transfer,0,1,0,0,1,0
8,110.77,745.86,two-year,mailed_check,0,1,1,0,4,0
27,77.87,1774.44,one-year,electronic_check,1,0,0,0,1,0
63,32.82,1919.89,month-to-month,mailed_check,1,0,1,0,1,0
24,106.82,2415.16,one-year,credit_card,1,1,0,0,5,0
55,92.25,5240.78,one-year,electronic_check,1,1,0,0,3,1
38,70.27,2605.31,two-year,electronic_check,0,0,1,0,6,0
31,111.58,3917.16,one-year,electronic_check,1,1,0,0,3,0
10,105.6,740.89,two-year,bank_transfer,1,1,1,0,4,0
64,45.69,2811.71,one-year,credit_card,0,0,1,1,3,0
32,67.22,2095.97,one-year,credit_card,1,1,1,0,3,0
40,76.06,3024.53,one-year,credit_card,1,1,0,0,5,0
54,85.22,4486.5,one-year,bank_transfer,1,0,0,0,4,0
3,56.31,251.52,month-to-month,mailed_check,0,1,1,0,1,0
48,114.74,5460.77,month-to-month,mailed_check,0,0,1,0,3,0
31,98.61,2888.33,one-year,electronic_check,1,0,0,0,5,0
28,38.76,1211.36,one-year,mailed_check,1,0,1,0,3,0
12,21.06,21.06,one-year,bank_transfer,0,1,0,0,3,0
72,50.75,3806.21,two-year,mailed_check,0,0,1,0,1,0
32,106.77,3314.01,two-year,electronic_check,0,0,0,0,5,0
11,27.47,209.89,month-to-month,bank_transfer,1,1,0,1,6,0
31,90.18,2994.02,one-year,credit_card,0,0,0,0,6,0
22,114.25,2585.48,two-year,bank_transfer,1,1,1,0,4,0
56,59.23,3314.6,month-to-month,credit_card,0,1,0,0,2,0
52,62.37,3130.5,one-year,electronic_check,1,0,1,0,5,0
22,95.69,1931.95,month-to-month,mailed_check,1,0,1,0,3,0
22,49.73,802.85,one-year,electronic_check,1,0,1,0,3,0
56,59.14,3236.63,one-year,credit_card,0,1,0,0,5,0
35,96.1,3194.9,two-year,credit_card,0,0,0,0,2,0
18,45.16,711.83,month-to-month,bank_transfer,1,0,0,0,5,0
7,118.09,793.72,two-year,mailed_check,1,1,1,0,2,1
34,98.3,3249.52,one-year,mailed_check,1,1,1,0,5,0
7,108.44,555.99,month-to-month,mailed_check,1,1,1,0,5,1
54,111.38,6042.07,one-year,credit_card,1,1,1,0,3,0
23,22.32,491.08,two-year,mailed_check,1,1,1,0,3,0
32,51.23,1579.61,two-year,electronic_check,0,1,1,0,1,0
41,107.67,4353.44,month-to-month,electronic_check,0,0,0,0,5,0
61,109.7,6139.26,month-to-month,mailed_check,0,1,0,0,5,1
52,22.14,1507.96,two-year,credit_card,1,0,0,0,2,0
68,45.26,2708.23,one-year,mailed_check,1,0,1,0,4,1
24,53.84,1226.94,month-to-month,electronic_check,0,1,0,1,1,0
62,92.62,5732.86,month-to-month,credit_card,1,0,0,0,2,0
18,29.09,313.7,one-year,bank_transfer,1,0,1,0,2,0
20,22.46,456.39,one-year,electronic_check,0,0,0,0,4,0
6,35.9,241.05,one-year,electronic_check,1,0,1,0,3,0
43,52.51,1840.57,month-to-month,bank_transfer,1,1,0,1,6,0
1,18.79,437.74,two-year,mailed_check,1,0,1,0,3,0
10,96.81,1050.14,two-year,credit_card,1,1,0,0,2,0
25,76.58,1953.9,month-to-month,credit_card,1,1,1,0,6,0
11,106.83,977.7,month-to-month,mailed_check,1,0,0,0,6,0
5,33.09,300.37,one-year,electronic_check,1,0,0,1,1,0
9,50.95,378.58,one-year,credit_card,0,0,0,0,3,0
29,118.01,3465.15,one-year,mailed_check,1,1,0,0,1,1
70,109.77,7934.96,one-year,bank_transfer,1,1,0,0,2,0
60,19.09,1300.45,month-to-month,credit_card,0,1,0,0,6,0
29,105.99,3320.41,two-year,mailed_check,0,1,1,0,1,0
57,56.25,3151.84,two-year,bank_transfer,0,0,0,0,6,0
47,109.03,4832.59,two-year,bank_transfer,0,0,1,0,4,0
64,20.85,1039.35,two-year,electronic_check,0,1,1,0,6,0
46,102.46,4891.95,month-to-month,electronic_check,1,0,1,0,4,0
1,76.81,76.81,one-year,electronic_check,1,0,0,0,5,0
21,59.89,1292.73,two-year,mailed_check,0,0,1,0,1,0
4,118.97,741.78,one-year,credit_card,0,1,0,0,1,0
7,23.0,196.79,two-year,mailed_check,0,0,1,0,6,0
68,65.11,4600.93,month-to-month,credit_card,1,1,0,0,5,0
13,28.73,225.15,two-year,mailed_check,1,1,0,0,4,0
41,116.1,4560.54,two-year,credit_card,0,0,0,0,1,0
48,58.93,3027.59,two-year,mailed_check,1,0,1,1,4,0
55,65.63,3573.76,two-year,mailed_check,1,0,1,0,5,0
15,67.99,781.15,one-year,mailed_check,1,0,1,0,5,0
43,84.77,3558.26,one-year,mailed_check,1,0,0,0,1,0
26,24.28,519.65,two-year,credit_card,0,1,1,1,1,0
25,39.5,991.33,two-year,credit_card,0,1,0,1,6,0
17,70.59,1173.79,one-year,bank_transfer,0,1,1,0,6,0
18,79.02,1380.12,one-year,electronic_check,1,0,0,0,2,0
26,47.62,1089.57,two-year,bank_transfer,0,0,0,1,6,0
56,52.24,3249.25,two-year,electronic_check,1,1,0,0,4,0
64,91.93,5933.26,one-year,electronic_check,0,0,0,0,2,0
41,39.05,1607.81,month-to-month,credit_card,1,1,1,1,5,1
59,34.11,1835.82,two-year,bank_transfer,1,1,1,0,4,0
33,38.1,1076.09,one-year,mailed_check,0,1,1,1,5,0
30,96.95,2517.48,one-year,credit_card,0,0,0,0,4,0
61,44.57,2775.45,two-year,bank_transfer,0,0,0,0,1,0
54,80.35,4603.95,month-to-month,bank_transfer,0,1,1,0,3,0
40,99.25,4031.19,month-to-month,electronic_check,1,0,0,0,3,0
12,106.81,1367.21,two-year,bank_transfer,1,0,1,0,3,0
37,60.46,2467.04,month-to-month,bank_transfer,1,1,1,0,6,1
32,76.1,2815.73,month-to-month,mailed_check,0,1,0,0,4,0
44,102.99,4514.02,two-year,credit_card,1,0,0,0,5,0
10,23.25,23.25,month-to-month,mailed_check,0,1,0,1,6,0
11,93.5,1150.77,one-year,credit_card,1,1,1,1,5,1
44,62.48,2705.72,two-year,electronic_check,1,0,0,0,2,0
47,92.54,4590.25,two-year,credit_card,1,1,1,0,4,0
13,86.03,1082.09,two-year,credit_card,1,0,1,0,2,0
15,83.6,1384.41,two-year,electronic_check,0,1,0,0,1,0
66,116.07,7590.57,two-year,bank_transfer,0,1,0,0,2,1
16,102.54,1662.07,one-year,electronic_check,0,0,0,0,5,0
40,62.46,2736.53,two-year,mailed_check,1,1,1,0,6,0
60,37.04,2253.85,two-year,mailed_check,1,1,0,0,3,0
16,119.61,2041.28,month-to-month,credit_card,0,0,0,0,5,1
18,40.21,485.52,two-year,bank_transfer,0,1,0,0,6,0
17,33.05,513.97,one-year,mailed_check,0,1,1,0,6,0
21,19.02,495.83,one-year,bank_transfer,0,1,1,0,4,0
4,49.72,496.02,month-to-month,mailed_check,1,1,1,0,5,0
64,67.65,4367.5,two-year,electronic_check,0,1,0,1,2,0
48,105.16,5344.75,two-year,mailed_check,0,1,1,0,2,0
24,62.09,1472.26,two-year,bank_transfer,0,1,1,0,6,0
71,50.54,3689.08,month-to-month,bank_transfer,0,1,0,0,6,0
59,74.03,4330.58,two-year,credit_card,1,0,0,0,4,0
30,26.07,637.94,month-to-month,credit_card,0,1,0,0,6,0
32,49.87,1528.72,month-to-month,mailed_check,0,1,1,0,6,0
39,75.77,2806.08,one-year,bank_transfer,1,1,1,0,6,0
17,96.41,1675.07,one-year,electronic_check,0,1,1,0,3,0
21,109.82,2148.93,month-to-month,bank_transfer,0,1,0,0,1,0
27,85.26,2027.39,two-year,credit_card,0,1,1,0,1,0
55,41.4,2289.9,month-to-month,electronic_check,0,1,0,0,4,0
19,32.35,600.48,two-year,mailed_check,1,0,0,0,6,0
70,29.43,1845.36,two-year,bank_transfer,1,1,1,0,6,0
18,115.33,2390.97,one-year,electronic_check,1,0,1,0,2,1
40,79.85,3335.54,month-to-month,credit_card,1,0,0,1,4,0
43,97.71,4066.39,month-to-month,credit_card,0,0,0,0,4,0
48,90.96,4169.46,month-to-month,credit_card,0,1,0,0,1,0
58,22.65,780.83,month-to-month,mailed_check,1,1,0,0,1,0
62,105.91,6649.84,month-to-month,credit_card,1,0,1,0,3,0
27,49.29,1371.69,one-year,credit_card,0,0,1,0,1,0
38,29.27,1242.72,one-year,mailed_check,1,0,0,0,2,0
17,87.26,1329.07,two-year,mailed_check,0,0,1,0,1,0
72,113.98,7907.81,one-year,mailed_check,1,1,1,0,1,0
62,65.4,4368.07,two-year,credit_card,0,1,0,1,5,0
5,46.04,343.54,one-year,mailed_check,0,1,0,0,5,0
4,68.86,564.39,one-year,credit_card,0,0,1,0,3,0
25,110.53,3216.99,two-year,electronic_check,0,1,0,1,3,0
25,96.26,2217.8,two-year,electronic_check,1,0,1,0,3,0
59,18.86,1437.11,two-year,credit_card,1,0,1,0,3,0
45,54.62,2268.78,month-to-month,electronic_check,1,1,0,0,5,0
53,64.52,3344.39,two-year,bank_transfer,0,0,0,0,4,0
2,112.41,557.69,one-year,mailed_check,0,0,0,0,1,0
47,86.2,4016.88,one-year,credit_card,0,1,1,0,1,0
33,115.01,3921.79,one-year,electronic_check,1,0,1,0,4,0
15,100.13,1736.21,one-year,credit_card,0,0,0,0,1,0
38,40.86,1559.3,month-to-month,electronic_check,1,1,1,0,3,0
8,94.99,715.92,month-to-month,credit_card,1,1,0,0,5,1
60,20.28,1279.15,two-year,bank_transfer,0,0,1,0,3,0
32,26.54,832.42,one-year,electronic_check,0,0,0,0,5,0
61,23.8,1455.79,one-year,electronic_check,0,0,1,0,6,0
4,117.2,563.98,one-year,bank_transfer,1,0,1,1,6,0
27,30.59,893.11,two-year,credit_card,0,0,0,1,1,0
32,93.17,2901.79,month-to-month,electronic_check,0,0,0,0,3,0
55,97.99,4847.7,month-to-month,electronic_check,0,1,0,0,4,1
53,29.08,1423.99,two-year,electronic_check,1,0,1,0,1,0
43,50.09,1834.31,one-year,bank_transfer,1,0,1,1,1,0
40,116.68,4720.51,month-to-month,electronic_check,1,0,1,0,6,1
43,107.34,4730.14,one-year,credit_card,1,1,0,0,6,0
12,77.76,1141.87,one-year,bank_transfer,1,1,1,0,3,0
61,68.22,3998.5,one-year,mailed_check,1,0,0,0,3,0
7,62.35,250.0,two-year,bank_transfer,1,1,1,1,6,0
47,100.24,4786.97,two-year,bank_transfer,1,1,1,1,1,0
3,108.37,319.23,one-year,electronic_check,1,0,1,1,4,1
29,32.42,837.21,month-to-month,mailed_check,0,1,0,0,1,0
38,38.53,1328.45,month-to-month,bank_transfer,1,0,0,0,6,0
39,43.15,1524.78,two-year,electronic_check,1,0,1,0,3,0
32,61.59,2024.16,one-year,mailed_check,1,1,1,0,6,0
46,103.96,4738.72,month-to-month,mailed_check,0,0,1,0,3,0
19,62.82,1306.61,month-to-month,electronic_check,0,0,0,0,2,0
17,66.53,1295.06,one-year,credit_card,1,0,1,0,4,0
47,28.13,1422.99,two-year,credit_card,0,0,1,1,2,0
17,72.25,1183.94,two-year,electronic_check,1,1,0,0,5,0
18,63.12,1325.74,one-year,electronic_check,0,0,0,0,3,0
30,101.63,3269.74,two-year,bank_transfer,1,0,1,0,5,0
45,30.21,1554.25,one-year,mailed_check,0,0,1,0,6,0
67,57.31,4052.23,one-year,electronic_check,0,1,0,0,3,0
15,116.9,1742.02,two-year,bank_transfer,0,1,0,1,5,0
7,66.58,502.64,one-year,bank_transfer,0,0,1,0,3,0
40,70.75,3355.94,month-to-month,mailed_check,1,0,0,0,6,1
8,66.15,648.79,two-year,mailed_check,0,0,0,0,3,0
32,78.81,2411.99,one-year,credit_card,0,0,0,1,3,0
67,91.6,6230.44,one-year,mailed_check,0,0,0,0,5,0
8,99.03,1065.36,one-year,credit_card,1,1,0,0,6,0
29,113.14,3510.63,two-year,mailed_check,1,1,1,0,6,0
1,77.95,77.95,one-year,credit_card,1,1,0,0,4,0
38,87.07,3395.55,one-year,electronic_check,0,0,1,0,2,1
29,84.43,2410.83,month-to-month,electronic_check,1,0,0,0,4,1
25,112.76,2712.96,two-year,electronic_check,0,1,1,0,1,0
72,86.55,6144.31,two-year,electronic_check,1,1,1,0,1,0
56,64.69,3745.72,month-to-month,mailed_check,0,1,1,0,4,1
21,46.43,1064.34,one-year,electronic_check,1,0,1,0,4,0
35,62.92,2141.31,two-year,bank_transfer,1,1,0,0,4,0
23,118.55,3075.88,month-to-month,credit_card,0,0,1,0,3,0
16,32.38,341.43,month-to-month,credit_card,0,0,0,1,3,0
65,105.98,6733.82,one-year,bank_transfer,0,1,0,0,4,0
1,77.19,161.54,one-year,mailed_check,0,1,0,0,2,0
35,25.46,1018.08,two-year,mailed_check,1,0,0,0,3,0
69,45.23,3330.1,one-year,mailed_check,0,1,0,0,1,0
49,28.13,1352.46,one-year,credit_card,0,1,0,0,6,0
40,108.96,4316.77,one-year,credit_card,1,0,1,0,1,0
62,90.2,5709.2,two-year,electronic_check,1,1,1,0,5,0
70,91.89,6375.62,one-year,electronic_check,0,0,1,1,6,0
65,65.95,4013.11,two-year,bank_transfer,0,0,0,0,2,0
68,109.5,7494.26,one-year,credit_card,0,1,0,0,2,0
1,47.53,47.53,one-year,mailed_check,1,1,0,0,6,0
60,84.29,5040.05,one-year,mailed_check,0,0,0,0,6,0
57,84.6,4471.01,two-year,mailed_check,1,1,1,0,4,0
33,67.03,2009.84,month-to-month,credit_card,1,0,1,0,3,0
10,68.08,922.23,two-year,mailed_check,0,1,0,0,3,0
19,34.99,388.1,two-year,electronic_check,0,1,0,0,5,0
30,83.83,2238.18,month-to-month,credit_card,1,1,0,0,4,0
5,43.07,241.88,month-to-month,credit_card,0,0,0,0,2,0
3,109.48,404.15,two-year,electronic_check,0,1,1,0,5,0
67,68.81,4396.68,one-year,bank_transfer,1,0,1,1,2,0
59,113.51,6518.48,two-year,bank_transfer,1,0,1,0,5,0
65,64.54,4456.05,one-year,electronic_check,1,1,1,0,2,0
27,100.4,2361.71,one-year,mailed_check,1,0,1,0,2,0
50,110.2,5414.3,two-year,credit_card,1,0,1,0,5,0
61,60.93,3970.86,one-year,electronic_check,0,1,1,0,4,0
59,37.51,1893.07,two-year,credit_card,0,0,0,0,4,0
8,87.33,871.84,two-year,bank_transfer,0,0,1,1,2,1
47,82.97,3644.68,one-year,mailed_check,0,1,1,0,2,0
13,57.85,627.37,month-to-month,bank_transfer,1,0,0,0,6,1
17,50.95,825.72,one-year,credit_card,0,0,1,0,5,0
37,24.69,896.06,month-to-month,electronic_check,1,0,1,1,3,0
28,93.23,2613.04,month-to-month,mailed_check,0,0,1,0,3,0
26,26.78,722.26,one-year,credit_card,0,0,1,0,2,0
17,95.16,1336.52,month-to-month,mailed_check,1,1,1,0,4,1
17,63.27,934.35,one-year,electronic_check,0,1,1,0,2,0
53,61.66,3106.13,two-year,bank_transfer,0,1,0,0,1,0
9,53.27,562.61,one-year,bank_transfer,0,0,1,1,5,0
70,117.19,8092.62,month-to-month,electronic_check,1,1,0,0,5,0
17,79.51,1304.29,one-year,credit_card,0,0,1,0,2,0
47,50.14,2314.38,one-year,bank_transfer,0,0,1,0,2,0
5,102.99,407.88,two-year,electronic_check,0,0,0,0,3,0
33,107.41,3415.45,month-to-month,bank_transfer,1,0,1,1,6,0
1,82.42,82.42,one-year,mailed_check,0,1,0,0,1,0
65,110.05,7548.98,one-year,mailed_check,0,0,0,0,3,0
2,22.45,112.66,one-year,bank_transfer,0,1,1,0,4,0
43,46.94,1877.36,one-year,bank_transfer,1,1,0,0,3,0
28,40.46,1044.69,one-year,mailed_check,1,0,1,0,4,0
43,30.35,1253.26,month-to-month,electronic_check,0,1,1,0,4,0
47,111.14,4927.6,month-to-month,credit_card,0,0,1,0,2,1
51,93.15,4467.17,month-to-month,credit_card,0,0,0,0,6,0
46,66.96,2916.96,two-year,bank_transfer,1,0,0,0,4,0
9,47.04,580.82,month-to-month,bank_transfer,1,0,0,0,4,0
72,32.56,2690.14,one-year,bank_transfer,1,0,0,0,6,0
12,91.06,871.12,one-year,mailed_check,0,1,0,0,4,0
43,38.21,1879.74,two-year,bank_transfer,1,1,1,0,5,0
57,69.59,3891.48,one-year,mailed_check,1,0,1,0,1,0
40,39.46,1479.71,two-year,electronic_check,0,1,1,0,3,0
55,34.85,1790.43,one-year,bank_transfer,0,0,1,0,2,0
39,91.22,3890.54,two-year,bank_transfer,1,0,1,0,2,0
31,43.84,1355.42,one-year,mailed_check,1,0,0,0,3,0
50,26.87,1529.66,two-year,mailed_check,0,1,1,0,5,0
35,117.13,3639.56,month-to-month,bank_transfer,1,0,1,0,3,0
12,41.41,477.85,two-year,bank_transfer,0,0,0,0,1,0
25,45.32,1066.98,month-to-month,bank_transfer,1,1,0,0,5,0
1,27.29,27.29,month-to-month,credit_card,1,0,0,0,3,0
1,81.97,87.45,month-to-month,bank_transfer,0,0,0,0,4,0
28,87.25,2437.95,two-year,bank_transfer,0,0,1,1,2,1
55,67.36,3800.12,two-year,electronic_check,0,0,0,0,4,0
41,58.68,2133.68,month-to-month,credit_card,0,0,1,0,3,0
28,101.72,2924.71,one-year,bank_transfer,1,0,1,1,1,0
64,49.05,3067.11,two-year,credit_card,1,0,0,0,5,0
5,104.06,784.27,two-year,credit_card,0,1,0,0,2,1
49,85.94,4404.25,two-year,bank_transfer,0,1,0,0,2,0
45,37.06,1555.11,month-to-month,credit_card,0,0,0,1,4,0
45,92.01,4391.92,two-year,bank_transfer,0,1,1,0,1,0
11,58.89,549.93,one-year,mailed_check,1,0,0,0,1,0
65,58.49,3796.81,one-year,bank_transfer,0,0,0,1,5,0
62,87.95,5617.79,two-year,credit_card,1,0,1,0,1,0
36,97.49,3679.72,one-year,electronic_check,1,0,1,0,2,0
53,112.77,5839.37,one-year,electronic_check,1,1,1,1,1,0
30,119.61,3471.31,two-year,electronic_check,0,1,0,0,6,0
11,68.75,818.82,two-year,mailed_check,0,0,0,0,1,0
71,110.59,7981.09,month-to-month,bank_transfer,0,0,1,1,2,0
69,21.17,1663.75,one-year,credit_card,0,1,0,0,1,0
61,83.08,5261.67,one-year,credit_card,0,1,0,0,3,0
57,75.81,4538.4,month-to-month,credit_card,0,1,0,0,6,0
40,82.74,3230.76,month-to-month,credit_card,0,0,0,0,3,0
43,89.27,3530.31,one-year,mailed_check,1,0,1,1,5,0
4,27.84,223.28,month-to-month,mailed_check,1,1,1,1,4,0
60,95.36,6123.86,two-year,bank_transfer,0,1,1,0,3,0
21,62.92,1224.05,month-to-month,bank_transfer,0,1,0,0,5,0
61,97.95,5823.54,month-to-month,mailed_check,0,0,0,0,3,0
3,34.67,144.16,two-year,bank_transfer,1,1,0,0,5,0
50,47.19,2335.31,one-year,bank_transfer,0,1,1,0,3,0
31,79.49,2224.42,two-year,mailed_check,1,0,0,0,3,0
29,102.7,3242.49,one-year,bank_transfer,0,0,1,0,2,0
8,29.9,200.56,one-year,mailed_check,0,1,1,0,4,0
22,99.57,1985.18,month-to-month,bank_transfer,1,1,0,0,3,0
16,93.5,1853.48,month-to-month,electronic_check,1,0,0,1,4,0
34,47.89,1420.47,one-year,bank_transfer,0,1,0,0,3,0
65,29.19,1817.71,month-to-month,credit_card,1,1,1,0,2,0
50,47.4,2018.75,one-year,bank_transfer,1,1,0,0,6,0
68,107.98,7139.51,month-to-month,electronic_check,0,0,0,0,1,0
10,99.29,1022.91,two-year,bank_transfer,0,0,1,0,5,1
42,93.5,3972.64,two-year,credit_card,0,1,1,0,2,0
69,83.28,5836.67,month-to-month,electronic_check,0,0,0,0,6,0
55,60.91,3341.87,two-year,credit_card,1,1,0,0,3,0
19,99.5,1959.16,one-year,credit_card,1,1,0,0,3,0
45,77.29,3821.76,one-year,credit_card,0,0,0,0,1,0
7,37.1,379.13,two-year,mailed_check,0,0,0,0,1,0
11,44.96,419.72,month-to-month,electronic_check,0,1,1,0,5,0
58,69.54,4029.69,month-to-month,credit_card,1,0,1,0,2,0
2,83.45,206.22,month-to-month,mailed_check,0,1,1,0,6,0
42,93.47,3856.28,one-year,electronic_check,1,1,0,0,4,0
65,35.38,2322.98,one-year,mailed_check,1,0,1,0,1,0
13,22.12,54.28,two-year,credit_card,1,0,1,0,2,0
31,52.78,1754.47,month-to-month,electronic_check,1,1,1,0,5,0
46,49.34,1832.14,month-to-month,mailed_check,1,0,0,1,1,0
17,57.72,879.94,two-year,electronic_check,0,0,0,0,3,0
8,69.17,824.91,month-to-month,electronic_check,1,1,0,0,3,0
61,96.83,5948.33,one-year,credit_card,1,1,1,0,3,0
29,67.56,2122.27,two-year,electronic_check,0,1,0,0,3,0
71,102.6,6974.23,two-year,credit_card,0,1,1,0,2,0
23,81.36,1558.84,one-year,electronic_check,0,0,1,0,6,0
7,32.51,353.36,one-year,electronic_check,0,1,0,1,3,0
44,76.18,3443.3,month-to-month,mailed_check,1,1,1,0,6,0
9,90.13,953.57,one-year,mailed_check,0,1,0,0,4,1
17,91.75,1559.18,month-to-month,electronic_check,0,0,1,0,2,1
53,25.78,1134.9,one-year,bank_transfer,1,0,0,0,3,0
25,85.22,2109.7,month-to-month,credit_card,1,0,1,1,2,1
30,24.24,793.39,month-to-month,electronic_check,0,1,1,1,2,0
26,26.89,449.36,month-to-month,bank_transfer,0,0,0,0,4,0
53,68.86,3434.14,month-to-month,mailed_check,1,1,1,0,3,0
8,39.22,505.02,two-year,electronic_check,1,0,1,0,6,0
7,32.25,40.09,one-year,bank_transfer,0,0,0,0,2,0
11,38.99,180.92,one-year,electronic_check,1,0,1,1,4,0
56,32.14,1809.41,one-year,electronic_check,0,1,0,0,3,0
65,66.71,4591.9,one-year,electronic_check,0,1,0,0,5,0
7,35.78,207.83,one-year,mailed_check,0,1,0,0,2,0
47,69.74,3338.24,month-to-month,bank_transfer,1,0,1,0,5,0
11,78.36,1107.7,one-year,electronic_check,0,1,1,0,1,0
36,49.98,1917.97,one-year,electronic_check,1,1,1,1,5,1
34,25.4,746.92,month-to-month,mailed_check,1,1,1,0,1,0
65,77.97,5088.58,one-year,credit_card,0,1,1,0,1,0
30,61.2,2014.1,one-year,credit_card,0,0,0,0,3,0
60,67.32,3948.26,one-year,bank_transfer,1,1,0,0,1,0
29,85.69,2715.48,two-year,bank_transfer,0,1,1,0,3,0
63,53.22,3162.06,two-year,bank_transfer,0,1,1,0,5,0
12,115.87,1301.21,one-year,credit_card,1,1,1,1,3,0
54,87.09,4885.58,two-year,electronic_check,0,0,1,0,2,0
53,83.2,4184.2,one-year,credit_card,1,0,0,0,5,0
25,37.11,914.68,month-to-month,bank_transfer,1,1,1,1,2,1
19,83.41,1350.72,two-year,electronic_check,1,1,1,0,5,0
65,82.0,5657.46,month-to-month,mailed_check,0,0,1,0,6,1
27,57.65,1982.41,month-to-month,electronic_check,0,1,1,1,1,0
18,67.23,840.76,month-to-month,credit_card,1,1,0,0,5,1
65,105.95,6913.1,two-year,credit_card,1,1,0,0,1,0
20,35.73,843.52,one-year,mailed_check,0,1,1,0,4,0
38,34.95,1194.13,month-to-month,credit_card,1,0,0,0,6,0
27,19.88,539.35,two-year,bank_transfer,1,1,1,0,3,0
30,98.28,2992.0,two-year,bank_transfer,0,0,0,0,4,0
43,69.57,3510.62,two-year,credit_card,1,0,0,0,1,0
21,69.26,1657.16,two-year,credit_card,0,1,1,0,2,0
39,66.98,2322.69,month-to-month,mailed_check,1,1,1,1,2,0
63,80.33,4999.89,two-year,electronic_check,0,0,1,0,3,0
26,85.96,2339.4,two-year,electronic_check,1,0,1,0,3,0
13,77.37,805.02,two-year,bank_transfer,0,1,1,0,5,1
9,30.83,404.07,month-to-month,electronic_check,1,0,1,1,6,0
65,42.27,2625.77,month-to-month,credit_card,1,0,1,0,4,0
35,76.58,2688.2,one-year,electronic_check,1,1,1,1,2,0
50,29.07,1291.04,one-year,credit_card,0,1,1,0,3,0
33,93.52,2988.95,one-year,mailed_check,0,0,1,0,3,1
5,90.12,375.0,one-year,electronic_check,1,1,0,1,2,0
47,115.85,5459.3,one-year,credit_card,0,1,0,1,4,0
50,28.82,1487.68,one-year,credit_card,1,0,1,1,6,0
29,112.49,3202.32,two-year,credit_card,0,0,0,0,5,0
51,104.95,5225.46,month-to-month,credit_card,0,1,0,0,3,0
49,54.88,2468.36,month-to-month,credit_card,1,1,1,0,3,0
25,78.07,1899.29,one-year,mailed_check,1,0,0,1,3,0
1,78.22,78.22,one-year,mailed_check,0,0,1,0,5,0
16,23.93,456.32,month-to-month,bank_transfer,0,1,1,1,3,0
66,109.25,7110.33,two-year,credit_card,1,0,0,0,4,0
41,80.06,2964.32,month-to-month,credit_card,0,0,0,0,5,0
41,44.28,1501.31,month-to-month,electronic_check,1,1,0,0,5,0
5,74.56,350.17,two-year,electronic_check,1,1,0,0,2,0
2,53.72,314.14,two-year,electronic_check,0,1,0,1,5,0
26,95.08,2153.04,month-to-month,electronic_check,0,1,0,0,3,0
5,92.33,508.43,month-to-month,mailed_check,1,1,1,0,1,0
50,102.8,5272.49,one-year,credit_card,0,1,0,0,5,0
61,74.11,4359.97,two-year,bank_transfer,0,0,0,0,2,0
27,82.63,2488.49,two-year,credit_card,0,1,1,0,2,0
61,30.49,2093.81,two-year,electronic_check,0,0,0,0,1,0
61,69.95,4468.19,one-year,mailed_check,1,1,0,0,6,0
72,74.37,5389.15,month-to-month,credit_card,0,1,1,0,3,0
65,81.67,5432.19,month-to-month,bank_transfer,1,0,1,0,5,0
22,45.16,751.96,month-to-month,mailed_check,1,1,1,1,4,0
54,66.62,3587.02,two-year,electronic_check,1,0,1,0,2,0
39,117.2,4464.2,two-year,bank_transfer,1,0,1,0,5,0
7,90.13,708.15,month-to-month,credit_card,0,1,1,0,2,0
70,106.19,7631.38,one-year,mailed_check,1,0,1,1,4,0
69,18.94,1202.47,two-year,bank_transfer,0,0,1,0,6,0
63,50.64,3252.63,two-year,electronic_check,1,1,0,0,2,0
20,42.91,561.18,month-to-month,electronic_check,1,1,0,0,3,0
44,91.69,4319.74,two-year,bank_transfer,1,0,0,0,2,0
35,119.53,4153.34,one-year,credit_card,1,0,1,0,6,0
66,110.75,6972.51,two-year,electronic_check,1,1,0,0,2,0
4,39.33,39.33,one-year,mailed_check,1,0,1,0,5,0
25,111.64,2824.45,two-year,electronic_check,0,0,0,1,6,1
51,36.91,1897.87,two-year,credit_card,1,1,1,0,1,0
22,50.47,1444.95,month-to-month,credit_card,1,0,0,0,3,0
4,38.71,358.91,one-year,mailed_check,0,1,1,0,1,0
58,77.12,4488.43,one-year,mailed_check,0,1,1,0,1,0
47,24.09,793.18,one-year,electronic_check,1,1,0,0,4,0
68,102.05,7055.57,month-to-month,bank_transfer,1,1,0,0,6,0
51,65.62,3444.7,month-to-month,credit_card,1,0,0,1,5,0
6,28.52,280.84,month-to-month,credit_card,0,0,1,0,1,0
37,97.85,3539.9,month-to-month,credit_card,1,0,1,0,6,0
5,41.33,468.12,two-year,credit_card,1,1,0,0,4,0
19,71.46,1243.79,month-to-month,electronic_check,0,1,1,0,4,1
46,25.75,1332.69,two-year,electronic_check,1,0,0,0,4,0
8,36.63,276.0,one-year,credit_card,0,1,1,0,3,0
14,110.72,1468.69,month-to-month,electronic_check,1,0,0,0,6,0
70,47.36,3720.6,month-to-month,bank_transfer,0,1,1,1,2,0
36,33.59,1267.75,month-to-month,electronic_check,1,1,0,0,1,0
2,88.08,186.51,one-year,credit_card,0,0,0,0,6,0
4,103.73,333.52,two-year,electronic_check,0,0,0,0,4,0
33,64.42,2138.08,two-year,credit_card,0,0,1,0,5,0
1,101.71,316.58,two-year,credit_card,1,0,0,0,6,1
15,104.16,1738.19,month-to-month,bank_transfer,1,1,0,0,1,0
8,66.68,577.0,one-year,credit_card,0,1,0,1,6,0
47,22.67,1073.71,two-year,mailed_check,0,0,0,0,3,0
30,67.15,1893.93,two-year,electronic_check,0,1,0,0,1,0
33,101.76,3310.03,month-to-month,bank_transfer,0,1,0,0,1,0
35,113.61,3742.94,month-to-month,electronic_check,0,1,0,0,2,0
22,28.69,458.1,one-year,electronic_check,1,0,0,0,4,0
33,105.12,3602.46,one-year,electronic_check,1,1,1,0,4,0
62,47.96,2939.22,one-year,credit_card,1,0,0,0,6,0
38,104.82,4026.71,month-to-month,credit_card,0,0,0,0,5,1
20,54.27,1306.65,two-year,electronic_check,0,1,0,0,3,0
3,31.95,31.95,one-year,mailed_check,1,0,1,0,3,0
7,40.14,268.47,one-year,mailed_check,0,1,1,1,6,0
32,52.51,1264.46,month-to-month,bank_transfer,0,0,0,0,3,0
47,31.84,1372.04,month-to-month,electronic_check,0,0,1,0,3,0
4,27.49,100.9,one-year,electronic_check,1,1,1,0,2,0
58,105.33,6438.38,two-year,credit_card,1,1,0,0,3,0
50,117.62,5762.98,one-year,bank_transfer,1,0,0,0,6,0
44,65.95,3071.88,two-year,credit_card,0,0,1,0,6,0
41,61.79,2263.54,month-to-month,mailed_check,0,0,1,0,1,0
55,115.19,6253.59,one-year,mailed_check,0,0,1,0,1,0
34,72.88,2145.22,two-year,mailed_check,1,0,0,0,4,0
71,102.86,7197.88,two-year,credit_card,0,1,1,0,2,0
9,81.7,500.11,one-year,credit_card,1,1,1,0,6,0
36,39.88,1544.34,two-year,electronic_check,1,1,1,1,1,0
33,44.04,1356.84,one-year,electronic_check,0,0,0,0,3,0
57,55.7,3316.62,month-to-month,credit_card,1,1,0,0,5,0
53,71.45,3958.7,two-year,electronic_check,1,0,1,0,6,0
63,76.72,4826.83,one-year,credit_card,1,0,1,0,3,0
58,92.74,5091.78,one-year,bank_transfer,1,0,0,0,3,0
19,54.17,1014.1,one-year,mailed_check,1,0,1,0,4,1
14,66.5,1210.71,one-year,credit_card,0,1,1,0,1,0
16,38.5,861.4,one-year,mailed_check,1,0,1,0,1,0
20,107.9,1879.51,two-year,mailed_check,0,1,1,0,3,1
38,36.2,1336.87,two-year,credit_card,1,0,0,0,6,0
51,31.82,1878.92,one-year,credit_card,0,1,1,0,1,0
30,76.6,2226.19,one-year,electronic_check,1,0,1,0,3,0
60,118.86,6569.91,month-to-month,bank_transfer,1,0,1,0,1,0
45,21.35,1037.95,month-to-month,bank_transfer,1,0,1,0,2,0
8,101.18,763.14,one-year,mailed_check,1,1,0,0,6,0
36,33.99,1320.45,one-year,electronic_check,0,1,0,0,5,0
10,65.57,559.1,month-to-month,bank_transfer,0,1,1,0,1,0
57,105.44,6030.07,two-year,mailed_check,1,1,1,0,2,0
41,30.15,650.49,one-year,electronic_check,1,0,1,0,2,0
48,21.68,853.45,one-year,electronic_check,0,0,0,0,6,0
70,78.11,5208.42,one-year,mailed_check,0,1,0,0,1,0
24,52.14,1143.17,one-year,mailed_check,1,0,0,0,5,0
43,40.22,1792.22,month-to-month,electronic_check,1,1,0,0,5,0
55,88.15,5207.77,one-year,credit_card,1,1,1,1,2,0
56,96.54,5410.24,month-to-month,electronic_check,1,0,0,0,1,1
68,88.48,6174.31,month-to-month,electronic_check,0,1,0,0,3,0
16,100.57,1798.61,one-year,bank_transfer,0,0,0,0,5,0
2,51.63,51.63,month-to-month,credit_card,1,0,0,0,6,0
44,119.38,4941.91,two-year,credit_card,1,1,0,0,6,0
56,100.66,5590.18,month-to-month,credit_card,0,0,0,0,4,0
54,20.25,1278.8,month-to-month,electronic_check,1,1,1,0,2,0
20,89.98,1769.69,two-year,bank_transfer,1,0,0,0,3,0
72,97.91,7013.15,two-year,electronic_check,0,0,1,1,5,1
32,40.86,1282.29,one-year,electronic_check,1,1,1,0,1,0
51,54.15,3026.64,two-year,credit_card,0,0,1,0,5,0
8,48.93,624.45,one-year,electronic_check,0,1,1,0,5,0
42,37.38,1830.52,month-to-month,credit_card,1,0,1,0,5,0
50,43.98,2377.97,month-to-month,electronic_check,1,1,1,0,4,0
2,88.16,258.39,month-to-month,electronic_check,0,0,1,0,3,0
61,70.53,4151.01,two-year,credit_card,0,0,1,0,3,0
26,36.13,800.94,month-to-month,mailed_check,1,0,0,0,5,0
23,65.94,1535.16,two-year,bank_transfer,1,1,1,0,6,0
5,34.42,618.17,month-to-month,credit_card,0,1,1,1,1,0
38,55.01,2182.26,one-year,electronic_check,1,1,0,0,6,0
13,119.39,1638.36,month-to-month,credit_card,0,0,0,0,6,0
68,61.98,4104.91,one-year,credit_card,1,1,1,0,3,0
18,94.62,1681.96,two-year,credit_card,1,0,0,0,2,0
72,35.69,2653.42,two-year,mailed_check,1,1,1,0,2,0
37,32.53,1082.86,two-year,bank_transfer,0,1,0,0,4,0
24,64.51,1545.16,one-year,credit_card,0,0,1,0,1,0
37,71.69,2604.05,two-year,mailed_check,0,0,1,0,5,0
65,107.06,7115.16,two-year,electronic_check,1,1,0,0,5,0
40,63.6,2136.93,two-year,bank_transfer,0,1,0,1,6,0
41,49.67,2218.54,two-year,mailed_check,1,1,1,0,5,0
9,71.02,656.92,one-year,bank_transfer,1,0,0,0,3,0
38,97.59,3543.25,month-to-month,credit_card,0,1,1,0,6,1
7,26.91,161.71,one-year,mailed_check,0,1,0,0,5,0
46,47.79,2662.91,one-year,mailed_check,0,1,0,0,2,0
71,91.25,6730.83,month-to-month,electronic_check,0,1,1,0,4,0
11,50.82,477.89,one-year,credit_card,1,1,0,0,6,0
2,85.71,487.11,two-year,electronic_check,1,0,1,1,2,0
38,107.41,4032.74,one-year,mailed_check,1,0,1,0,2,0
45,29.73,1496.66,two-year,electronic_check,0,0,0,0,3,0
31,51.41,1803.43,two-year,mailed_check,1,1,1,0,6,0
17,57.58,1068.81,one-year,electronic_check,0,0,0,1,6,0
57,79.13,4500.84,one-year,credit_card,0,0,1,1,6,0
5,67.1,317.65,two-year,mailed_check,1,1,1,1,6,1
16,94.57,1677.31,one-year,mailed_check,1,0,0,0,3,0
50,112.88,5794.08,two-year,bank_transfer,1,1,1,0,4,0
41,92.39,3534.9,month-to-month,credit_card,1,0,0,0,3,0
50,45.34,2217.08,month-to-month,bank_transfer,1,0,1,0,6,0
27,84.94,2222.74,two-year,mailed_check,0,1,1,0,3,0
5,77.47,638.5,one-year,mailed_check,1,0,0,1,4,1
19,90.52,2170.17,one-year,credit_card,1,1,0,0,4,0
8,106.85,980.33,month-to-month,bank_transfer,1,0,1,0,6,0
54,55.22,3223.67,month-to-month,electronic_check,1,1,1,0,1,0
39,70.72,2462.56,one-year,credit_card,0,1,0,0,6,0
62,18.97,1031.84,month-to-month,credit_card,0,0,1,0,2,0
34,60.91,2154.89,two-year,electronic_check,0,1,1,0,6,0
9,71.68,775.83,one-year,credit_card,1,1,0,0,6,0
47,52.27,2362.75,two-year,electronic_check,1,0,1,0,6,0
56,37.89,2146.02,month-to-month,bank_transfer,0,0,1,0,5,0
68,80.47,5727.72,month-to-month,electronic_check,1,1,1,0,4,0
40,104.75,3983.77,two-year,electronic_check,1,0,1,0,5,0
2,112.18,405.58,one-year,credit_card,0,1,1,0,3,0
45,94.52,4250.17,month-to-month,credit_card,1,0,0,1,6,0
54,67.62,3131.61,one-year,mailed_check,1,0,0,0,6,0
55,56.45,3274.04,one-year,mailed_check,1,0,0,0,4,0
53,117.35,6292.04,month-to-month,bank_transfer,1,0,0,0,1,0
24,40.29,903.89,two-year,mailed_check,0,1,1,1,2,0
38,18.88,732.27,one-year,bank_transfer,1,0,1,0,6,0
21,78.71,1592.63,one-year,mailed_check,0,1,1,1,5,0
41,77.22,3096.66,one-year,mailed_check,0,1,1,0,5,0
68,71.77,4522.12,two-year,electronic_check,1,1,0,0,6,0
33,115.84,3791.67,two-year,mailed_check,0,1,0,0,3,1
62,43.6,2543.61,one-year,bank_transfer,0,0,0,0,5,0
48,57.12,2880.76,two-year,credit_card,1,1,1,0,6,0
29,30.94,1000.27,two-year,credit_card,0,1,0,0,3,0
57,41.47,2280.48,month-to-month,electronic_check,0,0,1,0,2,0
17,105.69,1781.72,month-to-month,bank_transfer,0,0,0,0,4,0
26,55.93,1559.53,one-year,mailed_check,1,0,1,0,2,0
16,78.63,1469.19,two-year,mailed_check,1,1,0,0,4,0
60,104.9,6238.48,one-year,mailed_check,0,0,1,0,4,0
64,85.05,5679.7,one-year,electronic_check,0,0,1,0,3,0
57,89.83,5025.98,two-year,credit_card,0,0,1,0,6,0
19,59.29,1271.08,one-year,electronic_check,1,0,0,0,3,0
45,61.39,2923.09,one-year,bank_transfer,1,0,1,0,3,0
71,64.96,4844.2,two-year,electronic_check,0,1,1,0,2,0
1,55.19,55.19,two-year,mailed_check,0,1,0,0,3,0
59,93.56,5702.9,month-to-month,credit_card,1,1,1,0,2,0
41,57.59,2371.72,month-to-month,bank_transfer,1,1,0,0,5,0
15,47.46,964.96,one-year,credit_card,0,1,0,0,1,0
55,88.23,4509.04,two-year,electronic_check,0,0,1,0,6,0
27,117.73,2763.84,two-year,credit_card,1,1,0,0,4,0
53,22.68,1017.57,one-year,electronic_check,1,0,1,0,1,0
57,67.1,3723.51,month-to-month,electronic_check,0,0,1,0,6,0
65,73.91,5050.33,one-year,electronic_check,1,0,0,0,5,0
47,97.99,4563.09,month-to-month,bank_transfer,1,0,0,0,1,0
60,92.98,5735.3,month-to-month,credit_card,1,1,0,0,1,0
15,26.77,215.4,one-year,credit_card,0,1,0,0,4,0
46,22.59,1402.51,one-year,electronic_check,0,0,0,0,1,0
5,112.54,358.32,one-year,bank_transfer,1,1,1,0,6,0
6,111.87,716.41,month-to-month,bank_transfer,1,1,1,1,2,1
42,96.66,4137.98,month-to-month,bank_transfer,0,1,0,0,3,0
24,44.58,825.23,two-year,mailed_check,1,0,0,0,6,0
46,39.6,2084.29,month-to-month,electronic_check,1,1,0,0,1,0
49,29.17,1191.02,two-year,mailed_check,0,0,1,0,5,0
15,108.53,2124.75,two-year,credit_card,0,0,0,0,5,0
14,87.3,1040.8,month-to-month,mailed_check,1,1,1,0,4,0
48,62.8,3320.66,month-to-month,mailed_check,0,0,1,0,5,0
23,96.57,2397.87,two-year,electronic_check,1,1,1,0,1,0
65,80.92,5046.08,month-to-month,bank_transfer,0,1,1,1,4,1
36,35.59,1627.64,one-year,electronic_check,1,0,1,0,3,0
14,55.74,632.4,one-year,bank_transfer,1,1,1,0,6,0
15,103.19,1883.77,two-year,credit_card,1,1,1,1,5,0
71,100.41,6876.8,one-year,bank_transfer,1,0,1,0,1,0
63,46.69,2863.94,one-year,electronic_check,0,0,1,0,2,0
37,33.8,1131.4,two-year,bank_transfer,0,1,0,0,2,0
16,106.04,1647.18,month-to-month,electronic_check,1,0,1,0,4,1
48,59.0,2556.14,two-year,electronic_check,0,0,1,1,1,0
25,38.96,1263.19,two-year,bank_transfer,1,0,0,1,4,0
32,42.87,1446.59,one-year,mailed_check,1,1,1,0,3,0
66,105.71,6639.46,one-year,mailed_check,1,1,0,0,3,0
25,98.31,2527.63,two-year,mailed_check,0,1,1,0,6,0
1,110.8,110.8,one-year,mailed_check,0,0,0,0,4,1
27,107.18,2625.69,one-year,bank_transfer,1,0,0,0,5,0
26,28.38,512.61,two-year,credit_card,0,0,1,0,5,0
21,43.45,958.25,month-to-month,bank_transfer,1,0,0,1,3,0
31,75.46,2253.68,one-year,bank_transfer,1,0,1,0,1,0
49,97.04,4963.17,month-to-month,bank_transfer,1,1,0,0,1,0
53,111.11,5680.31,one-year,mailed_check,0,0,1,1,5,0
19,106.62,2426.93,month-to-month,bank_transfer,1,0,1,1,1,0
5,25.89,387.18,two-year,mailed_check,0,1,0,0,5,0
62,83.54,5381.08,two-year,mailed_check,1,1,0,0,2,0
12,95.81,808.73,month-to-month,credit_card,1,0,1,0,4,0
7,71.6,583.19,one-year,bank_transfer,0,0,0,0,2,1
7,52.81,444.08,month-to-month,mailed_check,0,1,0,0,6,0
64,47.11,3207.7,one-year,bank_transfer,0,0,0,0,5,0
43,113.81,5095.05,month-to-month,bank_transfer,0,1,0,0,3,1
15,48.26,580.52,two-year,electronic_check,1,1,1,0,1,0
52,98.32,5011.11,two-year,credit_card,0,1,0,0,3,0
28,58.78,2024.77,month-to-month,mailed_check,1,1,1,0,3,0
44,73.5,3050.61,month-to-month,mailed_check,1,0,0,0,1,0
19,27.69,783.29,one-year,credit_card,1,0,0,0,3,0
54,44.99,2491.88,one-year,credit_card,0,0,0,0,1,0
56,34.97,2203.37,month-to-month,bank_transfer,0,1,1,1,4,0
30,41.57,1126.35,two-year,bank_transfer,0,0,0,1,1,0
16,79.41,1118.8,two-year,electronic_check,0,1,0,0,6,0
4,74.52,74.52,month-to-month,electronic_check,1,1,0,0,2,0
29,55.21,1447.35,one-year,bank_transfer,1,0,1,1,6,0
20,89.86,1983.03,one-year,mailed_check,0,0,1,0,6,0
22,48.07,1122.4,one-year,mailed_check,1,1,0,0,5,0
61,26.72,1570.32,two-year,mailed_check,1,1,0,0,1,0
60,114.28,6548.24,two-year,credit_card,1,0,0,0,1,0
15,27.55,397.02,month-to-month,bank_transfer,1,1,1,0,4,0
10,111.36,1312.5,two-year,mailed_check,1,0,0,0,4,0
40,110.28,4383.91,one-year,mailed_check,0,0,1,1,1,0
12,113.18,1000.76,one-year,credit_card,1,0,0,0,1,1
17,64.1,703.26,two-year,credit_card,1,0,0,0,3,0
49,54.48,2751.42,month-to-month,credit_card,0,1,1,0,4,0
57,74.4,4618.88,month-to-month,credit_card,1,1,0,0,6,0
9,103.29,913.79,one-year,electronic_check,1,1,0,0,5,1
30,115.14,3648.75,one-year,bank_transfer,0,0,1,0,3,0
29,70.89,2312.08,one-year,credit_card,1,0,0,0,6,0
41,32.98,1484.24,one-year,electronic_check,1,0,0,1,4,0
35,77.21,2618.76,one-year,electronic_check,0,0,0,0,6,1
29,83.47,2367.51,month-to-month,credit_card,0,1,0,0,5,0
42,64.19,2626.9,two-year,bank_transfer,0,1,0,0,3,0
36,83.15,2612.93,month-to-month,bank_transfer,1,0,1,0,6,0
61,43.36,2657.93,month-to-month,mailed_check,1,0,1,0,1,0
62,99.3,6091.59,month-to-month,bank_transfer,1,0,0,0,1,0
51,74.81,3763.15,month-to-month,electronic_check,0,0,1,0,6,0
5,79.09,136.89,two-year,credit_card,1,1,0,0,5,0
27,93.58,2303.74,month-to-month,electronic_check,0,1,0,1,3,0
5,100.87,422.6,two-year,mailed_check,0,1,0,0,5,0
7,58.16,433.32,month-to-month,bank_transfer,0,1,1,0,5,1
21,39.39,950.3,one-year,mailed_check,1,0,1,1,6,0
28,70.95,1799.29,one-year,credit_card,1,0,1,0,3,0
36,98.7,3239.28,month-to-month,bank_transfer,0,1,1,0,4,0
24,110.64,2997.59,two-year,bank_transfer,0,1,0,1,5,1
62,44.61,2603.13,month-to-month,electronic_check,0,1,0,0,6,0
18,85.64,1643.9,two-year,credit_card,1,1,1,0,6,0
51,48.13,2503.31,one-year,electronic_check,1,0,0,0,6,0
10,31.02,398.22,month-to-month,credit_card,0,0,0,1,1,0
25,56.04,1406.65,one-year,mailed_check,1,1,0,0,2,0
17,36.5,889.65,two-year,mailed_check,0,1,1,1,6,0
27,77.65,2172.5,month-to-month,electronic_check,1,0,1,0,1,0
15,61.27,1158.85,month-to-month,mailed_check,0,0,0,0,3,1
30,25.6,530.23,one-year,bank_transfer,0,0,1,0,6,0
30,73.46,2496.47,one-year,credit_card,1,1,1,0,3,0
4,62.84,62.84,month-to-month,electronic_check,0,1,1,0,5,0
27,111.56,2924.61,month-to-month,credit_card,0,0,1,1,2,0
69,46.59,2674.4,month-to-month,electronic_check,1,1,0,0,3,0
38,28.23,1343.67,month-to-month,bank_transfer,0,1,0,0,4,0
64,24.21,1788.15,month-to-month,bank_transfer,0,0,0,0,6,0
14,118.9,1511.69,month-to-month,credit_card,0,1,0,0,2,1
8,41.5,251.92,one-year,credit_card,0,1,0,1,1,0
18,107.67,2068.72,one-year,bank_transfer,0,1,0,0,4,0
35,63.77,2195.27,one-year,electronic_check,1,0,0,0,3,0
55,114.39,6423.99,two-year,credit_card,1,0,1,0,4,0
16,31.2,730.61,two-year,credit_card,1,1,0,0,3,0
42,19.14,894.24,two-year,mailed_check,1,1,1,0,6,0
69,97.54,6828.36,one-year,bank_transfer,0,1,1,1,6,0
11,117.32,1689.3,two-year,electronic_check,1,1,1,1,2,1
51,83.89,4360.42,two-year,bank_transfer,0,0,0,0,3,0
11,48.93,858.32,two-year,credit_card,1,1,0,0,3,0
35,115.25,3880.24,month-to-month,credit_card,0,0,1,1,3,0
33,104.62,3449.77,two-year,bank_transfer,1,1,1,0,4,1
71,77.26,5587.68,one-year,bank_transfer,1,1,1,1,2,0
61,79.45,4840.2,two-year,credit_card,0,0,1,0,6,0
8,74.8,789.57,two-year,credit_card,1,0,0,0,1,0
10,97.14,959.46,two-year,electronic_check,1,1,1,0,1,0
30,97.24,3000.95,two-year,mailed_check,1,1,0,0,3,0
13,60.16,777.92,one-year,mailed_check,1,1,0,0,3,0
70,41.25,2543.75,month-to-month,bank_transfer,1,0,1,0,6,0
64,113.22,6986.5,two-year,mailed_check,1,0,1,0,3,0
40,20.04,1095.45,one-year,electronic_check,1,1,0,0,5,0
38,75.16,2986.57,two-year,credit_card,1,0,1,0,6,0
62,60.64,3752.08,month-to-month,mailed_check,0,1,0,0,2,0
13,105.21,1166.32,two-year,mailed_check,1,1,1,0,4,0
52,94.86,4903.34,month-to-month,bank_transfer,1,0,1,0,2,0
27,29.55,556.14,month-to-month,electronic_check,1,1,1,0,1,0
56,92.83,5296.64,two-year,mailed_check,1,0,1,0,4,0
62,111.5,7072.16,one-year,mailed_check,1,0,0,0,6,1
11,54.72,751.54,one-year,credit_card,1,1,1,1,4,0
28,68.04,2055.01,two-year,electronic_check,1,1,1,0,6,0
53,39.47,2236.09,month-to-month,credit_card,1,0,1,0,1,0
21,65.98,1374.78,two-year,bank_transfer,1,1,1,0,5,0
72,77.27,5496.32,month-to-month,mailed_check,1,0,0,0,4,0
70,21.17,1254.48,one-year,electronic_check,1,0,1,0,3,0
62,79.52,4855.61,one-year,bank_transfer,1,1,1,0,3,0
63,28.83,2073.88,month-to-month,credit_card,1,0,1,0,1,0
61,99.89,6024.58,month-to-month,credit_card,1,0,1,0,4,0
62,81.74,5109.52,two-year,credit_card,0,0,0,0,6,0
3,32.42,313.49,month-to-month,bank_transfer,1,0,1,0,1,0
12,89.06,935.56,two-year,credit_card,0,0,1,0,3,1
9,119.07,826.68,two-year,credit_card,1,1,1,0,1,0
19,20.8,449.71,two-year,credit_card,1,1,1,0,6,0
20,40.12,959.01,month-to-month,bank_transfer,1,1,1,0,5,0
50,42.72,2107.69,two-year,electronic_check,0,0,0,0,6,0
58,66.44,4085.47,one-year,bank_transfer,0,1,0,0,3,0
21,61.3,1204.23,two-year,electronic_check,0,1,0,0,5,0
63,78.1,4934.42,two-year,electronic_check,0,0,1,0,5,0
33,68.78,1833.96,month-to-month,credit_card,1,0,1,0,2,0
49,49.98,2531.71,two-year,electronic_check,1,0,0,0,1,0
37,20.06,1118.14,one-year,credit_card,0,0,1,0,6,0
8,118.81,1031.52,two-year,credit_card,1,1,0,0,3,1
27,55.74,1746.05,month-to-month,credit_card,1,1,1,0,2,0
12,100.89,905.89,two-year,credit_card,1,1,0,1,4,0
4,99.79,422.54,month-to-month,mailed_check,0,1,0,0,5,0
6,26.51,175.15,two-year,electronic_check,0,1,0,1,5,0
21,111.77,2520.81,one-year,credit_card,0,1,0,0,4,0
55,112.51,6608.28,one-year,credit_card,1,0,1,0,1,0
61,26.51,1769.06,month-to-month,credit_card,1,1,0,1,3,0
9,90.19,651.42,two-year,mailed_check,0,0,1,0,2,0
36,99.26,3805.31,one-year,mailed_check,1,0,1,0,5,0
43,56.35,2347.38,one-year,bank_transfer,0,1,1,0,1,0
34,85.62,2837.56,month-to-month,mailed_check,1,1,0,0,2,0
64,29.16,2058.08,month-to-month,mailed_check,0,1,0,0,5,0
43,54.12,2072.56,one-year,mailed_check,1,1,0,0,6,0
39,110.43,4287.07,one-year,bank_transfer,1,1,0,0,1,0
6,24.61,208.12,two-year,mailed_check,0,1,1,0,4,0
19,43.99,617.55,two-year,credit_card,1,0,0,0,4,0
11,62.79,902.01,month-to-month,electronic_check,0,1,1,0,2,0
29,78.79,2153.57,one-year,credit_card,0,1,1,1,4,0
42,21.85,979.05,month-to-month,mailed_check,1,0,0,1,4,0
71,43.54,2551.73,one-year,mailed_check,1,0,1,0,4,0
56,61.64,3511.61,two-year,bank_transfer,0,0,1,0,1,0
2,114.97,134.03,one-year,bank_transfer,1,0,1,0,5,0
55,115.28,5816.69,two-year,credit_card,0,0,0,0,5,0
37,88.18,3023.74,two-year,credit_card,0,0,0,0,4,0
8,72.28,294.53,two-year,credit_card,0,1,1,0,1,0
52,107.25,5607.53,two-year,mailed_check,0,1,0,0,3,0
46,108.27,4854.94,one-year,mailed_check,1,0,1,0,2,0
52,107.35,5827.09,one-year,bank_transfer,1,0,0,0,2,0
49,70.37,3490.53,month-to-month,bank_transfer,0,1,1,0,5,0
3,57.5,141.02,two-year,mailed_check,0,1,0,0,5,0
37,108.99,4049.29,two-year,credit_card,1,1,1,0,5,0
31,104.87,3262.62,month-to-month,credit_card,0,1,1,1,6,0
54,18.13,677.14,two-year,mailed_check,0,1,1,0,6,0
48,81.63,4081.17,two-year,credit_card,1,0,0,0,1,0
68,76.85,5344.18,one-year,electronic_check,0,0,0,0,1,0
7,109.5,972.26,one-year,mailed_check,1,1,1,0,5,0
1,73.28,146.32,one-year,bank_transfer,0,1,0,0,3,0
24,19.34,286.24,one-year,credit_card,1,1,0,1,3,0
60,26.22,1653.09,one-year,electronic_check,0,1,0,0,5,0
16,107.48,1663.02,month-to-month,electronic_check,0,1,0,1,6,0
1,68.25,68.25,one-year,electronic_check,0,1,1,0,2,0
20,66.23,1290.06,one-year,electronic_check,1,0,1,0,2,0
20,86.79,1794.67,month-to-month,mailed_check,0,1,1,0,1,0
20,48.77,1014.94,one-year,bank_transfer,1,0,0,0,5,0
9,75.88,838.8,one-year,bank_transfer,1,1,0,0,3,0
25,26.57,550.78,one-year,electronic_check,1,1,0,0,5,0
14,111.45,1453.26,two-year,credit_card,1,1,1,0,2,0
6,31.13,302.98,month-to-month,bank_transfer,0,0,0,0,4,1
19,51.09,727.72,month-to-month,mailed_check,0,1,0,1,3,0
70,111.52,7997.26,one-year,mailed_check,0,1,0,0,6,0
41,66.62,2523.33,one-year,bank_transfer,1,0,1,0,4,0
8,104.0,916.24,month-to-month,bank_transfer,0,0,1,1,5,0
70,35.31,2409.02,two-year,mailed_check,1,0,1,1,1,0
53,103.63,5290.94,two-year,bank_transfer,0,1,1,1,4,0
52,105.06,5026.3,month-to-month,bank_transfer,1,0,1,0,2,0
70,86.54,5887.89,month-to-month,mailed_check,0,1,0,1,3,1
59,119.33,6909.51,month-to-month,credit_card,0,1,0,0,3,0
34,44.26,1288.23,two-year,credit_card,1,0,0,0,3,0
59,111.43,6442.99,month-to-month,credit_card,0,0,0,0,4,0
54,48.36,2489.43,two-year,mailed_check,1,0,0,0,6,0
28,63.4,2028.83,one-year,bank_transfer,1,0,0,0,5,0
3,47.31,284.55,one-year,mailed_check,0,0,1,0,1,0
22,117.25,2746.29,one-year,mailed_check,0,1,1,0,3,0
33,43.12,1542.36,two-year,bank_transfer,1,0,0,0,5,0
56,31.76,1410.91,one-year,electronic_check,1,1,0,0,3,0
38,59.44,2183.44,two-year,mailed_check,1,1,1,0,3,0
39,33.27,1119.86,one-year,mailed_check,0,0,0,0,2,0
54,66.16,3544.18,month-to-month,credit_card,1,1,0,0,2,0
30,74.82,2128.17,month-to-month,bank_transfer,0,1,0,1,6,0
55,84.22,4623.74,one-year,mailed_check,0,0,0,0,3,0
71,23.28,1767.66,two-year,credit_card,1,0,1,1,2,0
1,84.05,401.28,month-to-month,mailed_check,1,1,1,0,1,0
56,25.7,1396.22,month-to-month,credit_card,0,0,1,0,6,0
42,49.51,2517.74,month-to-month,credit_card,0,0,1,0,3,0
17,84.76,1660.38,two-year,bank_transfer,0,1,0,0,2,0
71,76.2,5612.68,month-to-month,credit_card,1,0,0,1,4,0
52,76.09,4218.35,month-to-month,mailed_check,0,0,1,1,6,0
1,83.21,83.21,one-year,electronic_check,0,0,1,0,3,1
40,95.8,3737.79,one-year,electronic_check,0,1,0,0,4,0
34,26.11,922.35,two-year,electronic_check,1,0,1,0,5,0
72,68.34,4732.5,month-to-month,credit_card,1,0,1,0,2,0
68,93.25,6405.62,month-to-month,credit_card,0,1,1,0,1,0
32,81.97,2894.86,one-year,mailed_check,1,1,1,0,6,0
40,53.2,1924.24,one-year,electronic_check,0,1,1,0,2,0
51,91.38,4856.39,two-year,bank_transfer,1,0,0,0,6,0
10,20.22,24.54,one-year,electronic_check,0,0,0,1,6,0
16,31.13,629.26,one-year,mailed_check,0,0,1,0,1,1
47,65.9,3020.05,two-year,electronic_check,0,1,1,0,3,0
19,119.38,2291.1,one-year,electronic_check,0,1,0,0,1,0
28,25.25,679.74,two-year,electronic_check,0,1,1,0,6,0
42,81.18,3403.04,two-year,credit_card,0,0,0,0,1,0
40,83.01,3563.73,month-to-month,electronic_check,1,1,1,0,5,0
60,82.84,4748.01,one-year,credit_card,1,0,1,0,6,1
52,113.13,5777.84,one-year,mailed_check,0,1,0,1,3,0
1,115.69,115.69,one-year,mailed_check,0,1,0,0,5,0
43,34.63,1617.01,two-year,mailed_check,0,1,0,0,3,0
35,28.98,899.46,two-year,bank_transfer,1,1,0,0,4,0
3,28.26,145.97,one-year,electronic_check,0,1,1,0,5,0
64,115.69,7288.78,month-to-month,bank_transfer,0,0,1,0,2,1
28,83.4,2408.56,one-year,credit_card,1,0,1,0,6,0
15,99.87,1610.27,month-to-month,mailed_check,1,1,1,0,5,0
60,23.75,1526.36,month-to-month,electronic_check,0,0,1,0,5,0
43,109.83,5010.65,one-year,bank_transfer,0,1,0,0,4,0
50,97.02,5040.77,two-year,mailed_check,1,0,0,1,3,1
34,95.48,3309.28,two-year,credit_card,1,1,1,0,6,0
39,43.61,1418.41,month-to-month,mailed_check,1,1,1,0,3,0
71,46.35,3765.81,two-year,bank_transfer,1,1,0,0,4,0
30,85.91,2423.39,two-year,mailed_check,0,1,0,0,2,0
16,98.61,1657.89,two-year,mailed_check,1,0,0,0,5,0
36,102.52,3542.48,month-to-month,mailed_check,1,1,1,0,1,0
7,91.07,700.2,month-to-month,credit_card,0,1,1,0,4,0
60,55.75,3560.75,one-year,electronic_check,1,0,0,0,4,0
39,26.53,1048.43,two-year,electronic_check,0,0,0,0,5,0
55,95.6,5325.69,one-year,credit_card,1,0,1,0,3,0
60,40.41,2440.93,month-to-month,electronic_check,0,0,1,0,1,0
54,33.19,1929.89,two-year,mailed_check,0,1,0,0,1,0
16,58.53,1137.27,one-year,credit_card,1,0,1,1,4,0
61,63.19,3732.51,two-year,electronic_check,1,1,0,0,5,0
7,74.05,490.69,month-to-month,bank_transfer,0,0,0,0,4,0
40,90.64,3379.66,two-year,bank_transfer,1,0,1,0,4,0
51,72.86,3602.65,one-year,bank_transfer,0,0,0,0,4,0
42,44.25,1963.66,one-year,credit_card,0,0,0,0,2,0
12,24.69,194.52,two-year,credit_card,1,0,0,0,2,0
52,49.48,2281.61,month-to-month,bank_transfer,1,0,1,0,1,0
22,85.72,1945.68,one-year,mailed_check,0,1,0,0,1,0
9,55.19,418.23,month-to-month,mailed_check,0,0,1,0,5,1
56,92.83,5167.92,one-year,credit_card,1,0,0,0,2,0
12,119.97,1280.8,two-year,bank_transfer,1,0,0,0,4,0
7,83.33,696.26,one-year,electronic_check,0,1,1,0,4,0
62,95.44,5766.07,one-year,bank_transfer,0,1,1,1,1,0
67,93.89,6225.93,two-year,credit_card,1,1,1,0,5,0
42,89.57,4082.17,month-to-month,bank_transfer,0,0,0,0,6,0
53,27.42,1306.16,one-year,bank_transfer,0,1,1,0,4,0
13,80.22,717.75,two-year,bank_transfer,0,1,0,0,1,0
18,105.81,1957.97,one-year,bank_transfer,0,1,1,0,4,0
42,76.88,3299.86,two-year,bank_transfer,0,1,1,0,6,0
69,98.36,6991.03,month-to-month,credit_card,0,1,1,0,5,0
13,86.56,753.64,month-to-month,electronic_check,1,0,0,0,2,1
2,69.43,188.84,month-to-month,mailed_check,1,0,1,1,6,1
36,41.94,1481.36,month-to-month,electronic_check,1,1,1,0,2,0
63,38.12,2408.25,one-year,electronic_check,1,1,0,0,3,0
22,80.54,1711.75,two-year,bank_transfer,1,0,1,0,5,0
24,76.81,2066.97,month-to-month,mailed_check,0,1,1,0,4,1
8,55.45,80.21,month-to-month,mailed_check,0,0,0,0,4,0
3,24.48,24.48,two-year,mailed_check,0,0,1,0,3,0
57,66.63,3695.81,two-year,mailed_check,0,1,0,0,4,0
69,66.2,4174.86,two-year,electronic_check,0,0,0,0,6,0
29,118.41,3569.07,one-year,mailed_check,1,0,1,0,4,0
37,51.88,2016.44,one-year,bank_transfer,0,0,0,0,6,0
36,96.7,3627.83,month-to-month,mailed_check,0,0,0,0,5,0
49,22.53,1069.6,two-year,bank_transfer,1,1,0,1,4,0
68,38.37,2558.04,month-to-month,mailed_check,0,1,0,0,2,0
48,89.51,4322.87,month-to-month,bank_transfer,1,0,0,0,5,0
54,111.12,5979.11,two-year,mailed_check,1,0,0,0,2,0
70,80.67,5478.18,two-year,mailed_check,0,0,0,0,1,0
37,78.78,3145.86,two-year,mailed_check,0,0,1,0,5,0
72,85.56,6081.59,one-year,bank_transfer,1,0,0,0,2,0
64,119.35,7722.2,two-year,bank_transfer,0,0,0,0,2,0
39,89.24,3736.48,one-year,mailed_check,1,1,1,0,5,0
5,24.7,24.7,one-year,mailed_check,0,0,0,1,2,0
46,81.15,3548.38,month-to-month,credit_card,0,0,0,1,4,0
58,98.23,5821.75,month-to-month,bank_transfer,1,1,0,0,5,0
22,20.47,527.55,month-to-month,mailed_check,1,0,1,0,4,1
14,18.99,215.53,month-to-month,credit_card,0,1,0,0,1,0
22,33.92,709.51,month-to-month,mailed_check,0,0,0,0,6,0
12,102.92,1205.22,one-year,mailed_check,1,0,0,0,1,0
64,32.57,2030.16,two-year,electronic_check,1,0,0,0,2,0
45,41.33,2043.82,month-to-month,mailed_check,0,1,0,0,1,0
35,56.54,2088.32,one-year,credit_card,1,0,0,0,2,0
51,63.2,3599.55,two-year,bank_transfer,1,0,1,0,6,0
44,75.84,3249.12,month-to-month,bank_transfer,0,0,1,0,5,0
47,67.01,3232.71,two-year,electronic_check,0,0,0,0,3,0
19,87.53,1603.38,two-year,electronic_check,1,0,0,0,3,1
3,40.97,112.81,one-year,electronic_check,1,1,1,0,1,0
14,95.8,1376.87,month-to-month,bank_transfer,0,0,1,0,1,0
71,112.99,8352.2,two-year,credit_card,1,1,0,0,3,0
21,57.77,1399.32,one-year,credit_card,1,1,0,0,6,0
19,86.71,1882.32,one-year,bank_transfer,1,1,1,0,6,0
72,102.83,7178.66,month-to-month,credit_card,0,0,1,0,5,0
11,108.76,1289.39,two-year,electronic_check,0,1,1,0,3,0
38,98.09,3673.42,two-year,mailed_check,0,1,1,0,1,0
47,77.21,3320.82,month-to-month,credit_card,0,0,1,0,3,1
26,117.34,2653.23,month-to-month,mailed_check,0,1,0,0,1,1
4,75.68,447.52,month-to-month,credit_card,1,1,1,0,2,0
54,18.62,939.7,one-year,credit_card,0,0,1,0,3,0
26,85.4,2354.63,month-to-month,mailed_check,1,0,0,0,5,0
9,68.16,608.39,one-year,bank_transfer,1,0,1,0,3,0
71,29.59,2152.28,two-year,mailed_check,0,0,0,0,4,0
46,62.27,3147.58,one-year,electronic_check,1,1,1,0,4,0
60,74.61,4401.51,month-to-month,electronic_check,1,0,0,0,3,0
20,54.33,1392.1,two-year,bank_transfer,1,0,0,1,3,0
14,43.59,221.28,one-year,electronic_check,0,0,0,0,6,0
70,95.65,6560.99,two-year,credit_card,0,1,0,0,2,0
6,104.72,609.83,one-year,mailed_check,0,0,0,0,2,0
68,47.53,3400.12,one-year,mailed_check,1,0,0,0,6,0
3,51.49,385.63,two-year,mailed_check,0,1,1,0,3,0
36,20.5,295.93,month-to-month,electronic_check,0,1,1,0,5,0
32,29.88,854.84,two-year,electronic_check,1,1,1,0,5,0
21,75.45,1671.71,month-to-month,mailed_check,0,0,1,0,4,0
25,86.99,2121.03,two-year,credit_card,1,1,1,0,6,0
14,112.24,1541.68,one-year,bank_transfer,0,1,1,0,2,1
65,63.28,4206.86,two-year,mailed_check,0,1,0,0,4,0
21,87.43,1893.63,two-year,bank_transfer,1,1,0,0,5,0
28,116.94,3120.15,one-year,credit_card,0,1,1,0,4,0
19,60.23,1445.53,one-year,mailed_check,1,0,0,0,3,0
62,108.35,6717.93,one-year,credit_card,1,1,1,0,4,0
58,110.08,6457.36,month-to-month,mailed_check,1,0,1,0,4,0
3,19.41,222.7,two-year,electronic_check,0,0,0,1,5,0
61,69.72,4346.63,one-year,mailed_check,0,0,1,0,5,0
5,94.61,395.63,one-year,bank_transfer,0,1,0,0,3,0
5,112.61,646.45,one-year,bank_transfer,0,1,0,0,5,1
58,110.91,6454.75,month-to-month,credit_card,1,1,0,0,1,0
68,98.29,6716.41,two-year,credit_card,1,1,1,0,5,0
62,38.15,2290.54,month-to-month,bank_transfer,0,1,0,0,2,0
72,28.53,2218.09,month-to-month,bank_transfer,1,0,0,0,1,0
63,24.47,1681.64,two-year,electronic_check,0,1,1,0,2,0
40,78.98,3276.77,two-year,electronic_check,0,0,1,0,2,0
54,67.04,3839.8,two-year,bank_transfer,1,0,1,0,5,0
8,97.26,1183.71,month-to-month,mailed_check,0,1,1,0,2,0
32,102.41,3064.54,month-to-month,bank_transfer,0,0,1,0,3,0
54,28.11,1439.3,two-year,bank_transfer,0,0,1,0,1,0
36,57.34,2146.05,two-year,credit_card,0,0,1,0,1,0
21,21.79,146.12,month-to-month,electronic_check,1,1,1,0,2,0
70,83.95,5584.2,one-year,bank_transfer,0,1,1,0,1,0
25,80.34,1903.08,month-to-month,bank_transfer,1,0,1,0,4,0
53,78.55,4162.26,one-year,mailed_check,0,0,1,0,3,0
11,110.43,1028.11,one-year,mailed_check,1,1,1,0,3,0
36,116.38,3983.01,two-year,bank_transfer,1,1,1,0,5,0
25,95.38,2531.89,one-year,bank_transfer,1,1,1,1,3,0
50,68.65,3526.22,one-year,bank_transfer,1,0,1,0,6,1
30,62.69,1592.53,two-year,electronic_check,0,0,0,0,4,0
21,62.58,1510.57,month-to-month,mailed_check,1,1,0,1,4,0
14,80.7,757.68,month-to-month,mailed_check,0,0,0,0,5,0
22,86.98,1986.81,month-to-month,electronic_check,0,0,1,0,3,0
61,48.73,2768.07,two-year,credit_card,0,1,0,0,4,0
44,119.05,4996.87,two-year,electronic_check,0,0,1,1,1,0
49,102.46,4568.46,two-year,credit_card,1,0,0,0,4,1
22,47.91,986.57,one-year,credit_card,0,1,0,0,6,0
50,106.41,5496.7,one-year,electronic_check,1,1,0,0,2,0
24,60.63,1352.98,two-year,bank_transfer,1,1,1,0,1,0
15,70.42,1068.13,month-to-month,electronic_check,0,1,0,0,2,0
68,63.38,4255.13,two-year,mailed_check,0,0,1,0,2,0
27,107.68,2661.2,one-year,bank_transfer,0,0,0,0,3,0
42,51.7,1916.23,month-to-month,credit_card,1,0,1,0,5,0
32,23.85,461.22,one-year,mailed_check,0,1,0,0,3,0
7,47.05,349.4,one-year,mailed_check,1,1,0,0,6,0
35,106.77,3632.86,month-to-month,mailed_check,1,1,1,0,5,0
17,21.07,215.43,two-year,credit_card,0,1,1,0,6,0
49,103.73,4836.79,month-to-month,bank_transfer,1,1,1,0,5,0
65,79.64,4941.14,month-to-month,mailed_check,1,0,0,0,3,0
31,51.0,1893.1,two-year,electronic_check,0,1,1,0,3,0
7,64.18,345.76,two-year,bank_transfer,1,1,0,1,3,0
21,74.06,1543.81,one-year,credit_card,0,0,1,0,1,0
70,35.17,2076.26,month-to-month,electronic_check,1,0,0,0,6,0
64,66.99,4606.29,one-year,credit_card,0,0,0,0,5,0
42,58.16,2804.28,one-year,electronic_check,1,0,0,0,4,0
9,70.91,723.65,one-year,mailed_check,0,1,0,0,5,0
69,30.18,2214.96,two-year,mailed_check,0,1,1,0,5,0
51,55.36,2940.93,one-year,credit_card,1,0,1,0,2,0
44,47.3,2277.71,one-year,bank_transfer,0,0,0,0,5,0
33,111.62,3697.48,month-to-month,bank_transfer,0,1,0,0,3,1
46,58.74,2515.63,month-to-month,credit_card,0,0,0,0,3,1
39,19.49,690.8,one-year,mailed_check,1,1,0,0,5,0
12,84.47,1113.33,two-year,bank_transfer,0,0,0,0,4,0
40,110.26,4661.66,one-year,electronic_check,1,1,1,1,6,0
23,108.19,2728.61,one-year,credit_card,1,1,0,1,1,0
9,82.9,1315.73,month-to-month,bank_transfer,1,1,0,0,6,0
48,89.52,4426.99,two-year,credit_card,0,0,0,0,5,0
53,64.41,3485.52,two-year,credit_card,0,0,0,0,6,0
43,118.17,4885.03,one-year,bank_transfer,1,1,0,0,5,0
55,100.22,5370.27,two-year,credit_card,0,1,1,0,1,0
33,97.01,3045.8,month-to-month,electronic_check,0,1,0,0,1,0
41,96.42,3791.49,month-to-month,credit_card,1,0,1,1,5,0
45,96.67,4076.26,month-to-month,electronic_check,0,0,0,1,5,1
40,41.25,1680.31,one-year,bank_transfer,0,1,1,0,1,0
22,97.52,2129.35,two-year,electronic_check,0,1,1,0,3,0
4,104.61,428.54,two-year,bank_transfer,0,0,1,1,3,0
48,90.1,4623.04,one-year,bank_transfer,1,1,1,0,3,0
57,73.73,4311.83,month-to-month,bank_transfer,1,0,0,1,6,1
70,69.47,4731.53,one-year,bank_transfer,0,1,1,0,5,0
58,70.88,4502.2,two-year,mailed_check,1,1,1,0,6,0
3,102.92,312.99,one-year,bank_transfer,1,1,1,1,2,0
58,28.14,1353.27,one-year,electronic_check,1,1,0,0,5,0
17,21.52,58.9,month-to-month,credit_card,1,1,0,0,3,0
3,82.54,453.7,one-year,mailed_check,1,0,0,1,3,0
33,102.12,3375.84,one-year,bank_transfer,0,1,0,0,6,0
1,30.32,171.94,one-year,mailed_check,0,0,1,0,6,0
17,109.11,2102.69,one-year,mailed_check,1,1,1,1,1,0
29,53.35,1351.56,month-to-month,credit_card,0,0,0,1,1,1
50,26.17,1402.55,month-to-month,electronic_check,0,0,0,0,4,0
50,107.38,5331.02,month-to-month,mailed_check,0,1,0,0,6,0
51,68.05,3562.28,one-year,mailed_check,1,1,1,1,4,0
51,24.25,961.15,one-year,mailed_check,0,0,1,1,1,0
59,34.42,1846.54,one-year,mailed_check,0,0,0,0,6,0
51,45.69,2134.96,two-year,electronic_check,1,1,1,0,1,0
29,58.64,1387.28,two-year,electronic_check,1,0,0,0,5,0
28,93.71,2853.03,two-year,mailed_check,1,0,0,0,5,1
41,103.62,4390.5,month-to-month,electronic_check,0,0,1,0,1,1
51,115.2,5697.21,one-year,electronic_check,0,1,1,0,1,0
27,71.96,1891.93,month-to-month,bank_transfer,0,0,1,0,1,0
23,118.15,3010.31,month-to-month,credit_card,1,0,1,0,1,1
48,69.22,3221.58,month-to-month,credit_card,1,1,1,0,2,1
18,63.41,1070.29,month-to-month,credit_card,1,1,1,0,3,0
43,33.53,1324.79,two-year,mailed_check,0,0,0,0,1,0
69,59.86,4032.05,two-year,electronic_check,0,1,1,0,3,0
40,61.63,2346.98,one-year,electronic_check,0,1,0,0,4,0
69,77.46,5065.67,two-year,mailed_check,0,1,0,0,4,0
21,117.36,2293.89,two-year,credit_card,0,1,0,0,3,0
8,87.25,802.06,one-year,credit_card,1,0,0,0,6,0
63,33.4,2062.26,two-year,credit_card,1,1,0,0,5,0
12,58.14,1226.44,two-year,credit_card,1,0,0,0,6,0
51,23.46,1403.2,month-to-month,credit_card,1,0,0,0,2,0
27,59.56,1501.45,two-year,mailed_check,1,0,1,0,3,0
34,27.6,762.25,month-to-month,mailed_check,1,0,0,0,3,0
17,79.48,1411.46,month-to-month,electronic_check,1,0,0,0,3,1
22,75.14,1437.09,one-year,electronic_check,0,1,0,0,2,0
24,52.44,1503.77,two-year,mailed_check,1,1,0,0,3,0
57,117.42,6685.4,one-year,mailed_check,1,0,0,0,5,0
43,113.89,5098.55,month-to-month,mailed_check,1,0,1,1,3,0
19,82.16,1515.75,one-year,credit_card,1,0,0,0,4,0
43,90.34,4105.78,one-year,electronic_check,1,1,0,0,6,0
23,64.53,1721.48,month-to-month,bank_transfer,1,1,0,0,2,0
47,30.93,1619.73,two-year,credit_card,1,0,0,0,2,0
63,61.24,3941.09,month-to-month,electronic_check,0,0,0,1,1,0
60,106.17,6102.8,month-to-month,bank_transfer,0,1,1,0,6,1
13,31.74,306.06,one-year,mailed_check,0,1,1,0,3,0
1,102.97,283.23,one-year,mailed_check,1,0,0,0,1,0
69,78.7,5568.83,month-to-month,mailed_check,1,0,1,0,6,0
20,88.84,1783.23,one-year,bank_transfer,1,1,1,0,5,1
22,42.28,1057.18,month-to-month,mailed_check,0,0,0,0,5,1
16,106.03,1724.1,month-to-month,bank_transfer,0,0,1,0,4,0
70,117.15,8416.82,two-year,bank_transfer,0,0,0,1,1,0
70,24.38,1728.8,month-to-month,bank_transfer,0,1,1,0,4,0
47,45.45,1816.11,month-to-month,credit_card,1,0,0,0,2,0
22,102.85,2204.07,month-to-month,mailed_check,0,1,0,0,2,0
50,38.42,1551.82,two-year,mailed_check,1,1,1,0,1,0
30,113.89,3169.76,two-year,electronic_check,1,0,0,0,6,1
67,101.24,6957.88,two-year,credit_card,1,1,1,0,1,0
20,77.88,1830.79,two-year,credit_card,1,0,1,0,3,0
21,84.51,1878.35,two-year,credit_card,1,1,1,0,1,0
72,115.14,8508.83,month-to-month,electronic_check,1,1,1,0,3,0
6,76.78,519.05,two-year,mailed_check,1,0,1,0,1,0
72,83.05,6198.36,month-to-month,credit_card,1,1,0,0,6,0
42,63.53,2553.0,two-year,bank_transfer,1,1,1,0,4,0
71,45.39,3356.51,month-to-month,credit_card,1,0,0,0,4,0
35,89.78,3064.73,two-year,electronic_check,1,0,0,1,3,1
6,58.1,95.95,one-year,electronic_check,1,0,1,0,4,0
21,103.44,1946.87,one-year,mailed_check,0,0,0,0,2,0
4,114.36,747.84,month-to-month,credit_card,1,0,1,0,3,0
11,69.5,943.12,month-to-month,credit_card,0,0,0,1,5,0
45,64.58,2982.13,one-year,bank_transfer,1,1,1,0,3,0
45,32.16,1192.23,one-year,electronic_check,0,1,1,0,5,0
22,85.1,1674.48,one-year,credit_card,0,0,0,1,3,1
52,83.39,4254.66,one-year,mailed_check,1,0,1,0,5,0
59,18.62,1225.77,one-year,electronic_check,0,1,1,0,2,0
55,79.54,4326.6,month-to-month,credit_card,1,0,0,0,4,0
47,84.81,3836.92,month-to-month,bank_transfer,0,0,0,0,6,1
10,80.83,516.8,one-year,credit_card,0,0,0,0,4,0
59,48.04,2915.17,one-year,credit_card,1,0,1,1,3,0
54,76.49,4110.08,two-year,bank_transfer,1,1,1,0,5,0
28,90.96,2373.62,two-year,credit_card,1,1,1,0,6,0
8,73.05,716.31,one-year,electronic_check,0,0,1,0,6,1
4,105.67,448.03,one-year,credit_card,1,1,1,0,2,0
69,94.75,6479.67,one-year,mailed_check,1,1,1,0,1,0
54,70.62,3846.98,month-to-month,mailed_check,0,0,0,0,3,1
31,96.02,3154.45,two-year,bank_transfer,0,0,1,0,1,0
24,47.48,1040.26,month-to-month,mailed_check,0,1,1,0,3,1
37,78.89,2713.77,month-to-month,mailed_check,0,0,0,1,3,0
5,31.23,153.73,one-year,credit_card,1,1,0,0,3,0
36,87.33,3433.48,two-year,mailed_check,0,0,1,0,1,0
23,78.43,1346.69,month-to-month,bank_transfer,1,0,0,0,6,0
35,87.16,3189.08,one-year,credit_card,1,0,0,0,5,0
34,92.48,3191.83,one-year,bank_transfer,1,0,0,0,2,0
61,33.68,2080.85,one-year,electronic_check,0,0,1,0,1,0
3,18.44,18.44,two-year,bank_transfer,1,1,0,0,1,0
5,94.7,162.89,two-year,bank_transfer,0,1,1,0,4,0
48,78.19,4069.31,two-year,electronic_check,0,1,1,0,4,0
6,22.47,28.46,two-year,bank_transfer,0,0,1,0,6,0
52,82.23,4575.32,month-to-month,electronic_check,1,1,1,1,4,0
2,51.98,51.98,one-year,credit_card,1,1,1,0,4,0
18,34.71,686.32,one-year,bank_transfer,0,0,1,0,1,0
5,102.31,646.82,month-to-month,bank_transfer,1,0,1,0,6,0
12,104.2,1362.46,month-to-month,bank_transfer,1,0,0,0,2,1
53,87.29,4918.58,one-year,credit_card,0,1,1,0,2,0
20,35.42,715.63,two-year,bank_transfer,0,0,0,1,2,0
22,73.55,1544.33,month-to-month,electronic_check,0,1,0,0,2,0
21,79.62,1770.19,one-year,mailed_check,0,1,1,0,4,0
37,23.71,914.26,two-year,mailed_check,1,1,0,0,3,1
25,18.03,187.48,one-year,bank_transfer,0,1,0,1,2,0
43,61.15,2693.26,month-to-month,mailed_check,0,1,0,0,3,0
70,76.36,5240.06,month-to-month,bank_transfer,1,0,0,1,4,0
21,34.91,1215.88,month-to-month,bank_transfer,0,0,1,0,2,0
4,57.25,182.05,two-year,electronic_check,0,0,1,0,2,0
21,36.92,927.12,one-year,mailed_check,1,0,0,0,2,0
45,21.53,868.5,two-year,bank_transfer,0,1,1,1,2,0
71,101.54,7144.23,month-to-month,bank_transfer,1,1,0,0,5,0
32,95.77,2774.38,one-year,mailed_check,1,1,0,0,2,0
62,31.17,2060.98,month-to-month,credit_card,0,1,0,0,1,0
39,69.3,2612.9,one-year,mailed_check,1,0,0,0,2,0
49,106.68,5502.88,one-year,bank_transfer,0,1,0,0,3,0
48,99.89,4587.75,two-year,credit_card,0,0,1,0,4,0
39,117.8,4777.33,one-year,mailed_check,0,1,0,0,5,0
62,21.61,1453.71,month-to-month,electronic_check,1,0,0,1,3,0
29,32.3,874.25,month-to-month,electronic_check,0,0,1,1,2,0
35,37.39,1508.65,one-year,mailed_check,0,0,1,0,1,0
24,34.68,618.36,one-year,electronic_check,1,1,1,0,1,0
49,47.63,2440.92,month-to-month,credit_card,1,0,1,0,6,1
9,92.78,964.27,one-year,credit_card,1,1,1,0,1,0
66,67.2,4374.33,month-to-month,electronic_check,1,0,0,0,6,0
22,89.26,1839.92,one-year,bank_transfer,0,1,0,1,4,0
34,26.73,1107.19,two-year,electronic_check,0,0,0,0,3,0
28,26.99,722.55,two-year,electronic_check,0,1,1,1,4,0
46,84.04,3848.84,month-to-month,electronic_check,0,1,1,1,3,1
17,113.0,1620.89,month-to-month,electronic_check,0,1,0,1,3,1
11,110.54,849.17,one-year,credit_card,1,0,1,0,3,1
51,28.71,1784.71,month-to-month,electronic_check,1,0,1,0,1,0
5,68.67,264.72,month-to-month,credit_card,1,0,1,0,5,0
40,50.73,2009.38,month-to-month,mailed_check,0,1,0,0,2,0
53,21.98,952.27,two-year,bank_transfer,0,0,1,0,1,0
65,29.65,2128.88,one-year,credit_card,0,0,1,0,3,0
43,90.42,3988.93,month-to-month,electronic_check,1,0,1,0,1,0
55,44.58,2520.7,two-year,mailed_check,1,1,1,0,1,0
9,115.12,1172.24,month-to-month,mailed_check,0,1,0,1,4,1
64,80.99,5203.68,one-year,credit_card,0,1,0,0,2,0
7,69.34,559.91,month-to-month,bank_transfer,0,0,1,0,2,1
24,86.53,2127.53,two-year,mailed_check,0,0,0,0,2,0
42,92.82,3814.1,one-year,credit_card,1,1,0,0,1,0
1,86.69,86.69,month-to-month,mailed_check,1,1,0,0,1,0
54,41.31,2277.74,two-year,electronic_check,0,1,1,0,6,0
55,18.88,998.75,two-year,credit_card,0,1,0,0,1,0
6,60.44,226.28,two-year,credit_card,1,1,1,0,3,0
37,97.03,3676.96,one-year,credit_card,1,0,1,1,2,0
6,62.9,461.14,two-year,credit_card,1,0,1,0,3,0
31,31.66,1187.42,one-year,credit_card,0,1,1,0,3,0
6,46.47,362.18,month-to-month,credit_card,1,1,1,0,6,0
23,81.32,2105.66,two-year,mailed_check,0,0,0,0,4,0
55,63.09,3341.94,one-year,bank_transfer,1,0,1,0,6,0
64,47.01,2920.32,month-to-month,credit_card,0,0,1,0,6,0
64,73.06,4737.23,month-to-month,bank_transfer,0,0,0,0,1,0
52,18.98,969.33,one-year,electronic_check,1,1,0,0,4,0
3,68.87,69.0,two-year,credit_card,1,0,1,0,6,0
52,91.19,4477.65,month-to-month,bank_transfer,1,1,0,0,1,0
5,35.28,35.28,month-to-month,electronic_check,1,1,1,0,1,0
41,57.07,2137.69,one-year,bank_transfer,0,1,1,0,5,0
69,22.35,1559.65,one-year,mailed_check,0,1,1,0,6,0
29,86.3,2552.24,one-year,credit_card,0,1,1,0,6,0
40,63.16,2528.62,two-year,bank_transfer,1,0,0,1,3,0
22,83.51,1490.23,month-to-month,bank_transfer,1,1,0,0,2,0
55,68.18,3715.36,two-year,mailed_check,0,0,0,0,4,0
65,108.33,6757.79,two-year,electronic_check,0,1,1,0,2,0
28,74.79,1944.71,month-to-month,electronic_check,1,1,0,0,5,0
25,71.75,2067.99,one-year,mailed_check,0,0,1,0,5,0
6,32.02,106.22,month-to-month,bank_transfer,0,0,1,0,2,1
3,65.56,65.56,two-year,credit_card,1,1,1,0,1,0
66,90.5,5879.9,month-to-month,electronic_check,1,0,0,0,2,0
33,53.4,1767.55,month-to-month,mailed_check,0,1,1,0,6,0
45,20.41,974.37,two-year,bank_transfer,0,0,1,0,1,0
8,63.21,310.16,one-year,electronic_check,0,0,1,0,6,0
50,90.72,4421.0,one-year,bank_transfer,0,1,0,0,3,0
11,119.5,1322.54,one-year,bank_transfer,0,1,1,0,1,0
66,107.86,7203.61,two-year,electronic_check,0,1,1,0,1,0
21,88.93,1729.08,one-year,bank_transfer,0,1,0,0,4,0
64,86.31,5550.66,one-year,credit_card,0,0,0,0,6,0
26,110.3,2664.72,two-year,mailed_check,0,1,0,0,5,0
62,57.01,3527.41,one-year,mailed_check,0,1,1,1,2,0
1,97.51,97.51,one-year,electronic_check,1,1,0,0,6,0
47,57.63,2383.79,one-year,electronic_check,0,0,1,0,5,0
32,79.72,2429.88,month-to-month,mailed_check,1,0,0,0,5,0
5,51.83,434.91,one-year,electronic_check,0,0,0,0,6,0
50,96.8,4924.11,one-year,credit_card,1,0,1,0,2,0
67,63.98,4397.62,two-year,bank_transfer,1,1,0,1,5,0
60,109.66,6590.52,one-year,bank_transfer,1,0,0,0,3,0
69,95.99,6556.43,two-year,mailed_check,0,1,1,0,3,0
23,67.74,1430.48,month-to-month,credit_card,1,1,1,0,5,1
53,30.5,1703.28,two-year,mailed_check,0,1,1,0,2,0
64,38.14,2360.6,month-to-month,credit_card,0,1,1,0,6,0
22,49.69,1001.08,two-year,mailed_check,1,1,0,0,1,0
24,49.83,940.64,month-to-month,bank_transfer,1,1,1,0,5,0
6,118.66,519.94,one-year,credit_card,1,1,1,0,3,0
48,88.57,4313.13,month-to-month,credit_card,0,0,1,0,2,0
31,43.62,1272.12,one-year,credit_card,0,1,1,0,2,0
9,74.85,757.06,one-year,credit_card,0,1,0,0,4,0
26,102.32,2727.42,one-year,electronic_check,1,0,0,0,3,0
42,118.75,5300.37,month-to-month,bank_transfer,0,0,0,1,3,0
52,64.02,3361.55,one-year,electronic_check,1,1,0,0,6,0
1,54.76,54.76,one-year,bank_transfer,0,0,0,0,2,0
48,57.61,2877.77,one-year,mailed_check,0,1,1,0,6,0
39,118.26,4546.88,two-year,credit_card,0,1,0,0,4,0
25,75.58,1759.69,two-year,credit_card,1,0,1,1,5,0
10,27.14,346.81,one-year,bank_transfer,1,0,1,0,4,0
22,24.09,410.2,one-year,bank_transfer,0,0,0,0,2,0
65,37.58,2465.22,month-to-month,credit_card,1,0,1,0,3,0
55,26.02,1119.67,two-year,mailed_check,0,0,0,0,1,1
42,87.58,3546.22,two-year,credit_card,0,0,0,0,3,0
31,60.46,2075.61,month-to-month,bank_transfer,0,0,0,0,3,0
43,81.18,3471.07,month-to-month,credit_card,1,0,1,0,5,0
7,79.43,734.55,month-to-month,mailed_check,1,1,0,1,3,0
39,73.29,2915.75,two-year,credit_card,0,1,0,1,1,0
28,118.98,3089.43,one-year,bank_transfer,1,1,0,0,5,0
17,24.0,529.81,month-to-month,electronic_check,0,1,0,0,1,0
23,99.03,2159.35,month-to-month,electronic_check,0,1,1,1,4,1
43,50.92,2279.43,one-year,bank_transfer,0,1,0,0,6,0
38,28.17,1290.0,one-year,bank_transfer,0,0,0,0,5,0
51,101.06,4979.36,month-to-month,electronic_check,0,0,1,0,4,0
6,44.64,540.74,month-to-month,credit_card,0,0,1,0,5,0
42,67.37,2898.96,two-year,credit_card,0,1,0,0,4,0
11,33.65,198.78,two-year,mailed_check,1,1,0,0,4,0
59,114.63,6877.48,month-to-month,electronic_check,0,1,0,0,6,1
13,42.76,666.45,one-year,credit_card,0,0,1,0,3,0
14,91.82,1328.65,two-year,bank_transfer,1,0,0,0,5,0
42,34.87,1394.28,two-year,mailed_check,0,1,1,0,3,0
20,85.64,1648.65,two-year,mailed_check,0,0,0,0,6,0
43,32.86,1404.52,one-year,credit_card,0,0,1,0,2,0
5,79.09,393.88,month-to-month,mailed_check,0,0,0,0,4,0
39,70.66,3090.62,month-to-month,credit_card,0,0,0,0,2,0
3,30.5,30.5,one-year,electronic_check,1,1,0,0,5,0
25,57.6,1381.15,one-year,electronic_check,1,0,0,0,1,0
34,85.57,2801.41,month-to-month,credit_card,1,1,0,0,6,0
21,71.52,1729.39,one-year,bank_transfer,1,1,1,0,1,0
63,36.87,2218.99,month-to-month,electronic_check,0,1,1,0,5,0
11,56.06,486.1,two-year,electronic_check,1,0,1,0,6,0
18,27.79,581.15,month-to-month,electronic_check,1,0,0,0,1,0
10,83.64,717.46,one-year,credit_card,0,1,0,1,6,0
63,70.6,4905.47,month-to-month,electronic_check,1,1,0,0,2,1
8,108.14,851.06,month-to-month,credit_card,0,0,0,1,4,1
40,36.86,1429.73,one-year,credit_card,1,1,0,0,4,0
4,114.13,502.67,one-year,mailed_check,1,1,1,0,3,0
56,84.09,4684.16,one-year,credit_card,1,1,1,0,4,0
58,90.07,5319.02,two-year,credit_card,0,1,0,0,5,0
64,50.05,3013.07,two-year,bank_transfer,0,0,0,1,4,0
2,92.69,498.45,one-year,bank_transfer,0,0,0,0,1,0
30,39.64,732.63,month-to-month,mailed_check,1,1,1,0,4,0
6,67.75,913.36,two-year,electronic_check,0,0,0,0,5,0
17,42.47,845.25,month-to-month,electronic_check,1,1,0,0,3,0
52,106.75,5523.3,two-year,electronic_check,1,0,1,1,3,0
71,68.68,5035.55,month-to-month,electronic_check,1,0,0,0,4,0
40,46.47,2160.79,one-year,electronic_check,0,1,1,0,4,0
27,59.41,1545.23,one-year,mailed_check,1,0,0,0,1,0
68,35.22,2179.86,month-to-month,electronic_check,1,1,1,0,4,0
38,56.24,2437.19,two-year,bank_transfer,0,0,1,0,3,0
16,101.59,1666.64,two-year,electronic_check,1,1,1,0,1,0
8,66.57,469.55,one-year,electronic_check,1,0,0,0,1,0
14,97.17,1351.61,month-to-month,electronic_check,0,0,0,0,5,1
58,88.45,5120.1,one-year,bank_transfer,1,0,1,0,6,0
56,50.71,3019.81,month-to-month,electronic_check,0,1,1,1,6,0
20,20.41,520.1,month-to-month,mailed_check,1,1,0,0,4,0
8,115.3,990.11,one-year,mailed_check,1,0,1,0,2,0
48,21.42,476.65,month-to-month,electronic_check,1,0,0,1,6,1
45,22.25,1156.84,two-year,credit_card,1,1,1,0,2,0
33,77.2,2539.16,two-year,credit_card,0,0,0,0,4,0
5,48.34,436.74,month-to-month,bank_transfer,0,1,0,0,4,0
49,66.22,3356.26,one-year,credit_card,1,1,1,0,3,0
28,45.59,1299.06,month-to-month,electronic_check,0,0,0,0,4,1
19,75.26,1418.9,two-year,electronic_check,0,1,1,0,2,0
51,21.36,890.64,two-year,mailed_check,1,0,0,1,1,0
5,84.6,642.33,month-to-month,bank_transfer,0,1,0,1,4,1
6,45.52,374.95,one-year,bank_transfer,0,1,1,0,5,0
33,59.8,1956.09,two-year,bank_transfer,1,0,1,0,3,0
40,31.24,1135.99,two-year,mailed_check,0,0,0,0,3,0
10,93.61,685.16,month-to-month,electronic_check,1,1,0,1,5,0
47,44.88,2397.85,one-year,bank_transfer,1,1,0,0,6,0
5,51.68,315.32,month-to-month,bank_transfer,1,0,1,0,3,0
51,18.98,553.02,one-year,credit_card,0,0,1,0,4,0
23,105.87,2328.17,month-to-month,credit_card,0,1,1,1,3,0
22,87.52,2152.72,month-to-month,mailed_check,1,0,0,1,5,1
45,43.17,1931.11,one-year,mailed_check,1,0,1,0,6,0
21,86.33,2112.48,two-year,bank_transfer,1,1,0,0,5,0
37,22.86,956.87,month-to-month,mailed_check,0,1,0,0,6,0
50,60.29,2775.79,month-to-month,credit_card,1,1,1,0,1,0
24,100.78,2229.15,two-year,bank_transfer,1,0,1,0,1,0
72,21.64,1731.38,month-to-month,electronic_check,0,0,0,0,3,0
23,68.88,1345.39,two-year,bank_transfer,1,1,1,0,4,0
17,80.3,1320.45,one-year,bank_transfer,0,1,0,0,2,0
66,26.72,2138.95,two-year,credit_card,1,0,0,0,5,0
4,79.18,250.19,month-to-month,bank_transfer,0,1,0,0,3,0
43,102.56,4484.3,one-year,bank_transfer,1,1,0,0,6,0
62,36.3,2324.1,one-year,electronic_check,0,0,1,1,1,0
25,97.29,2614.17,one-year,electronic_check,1,0,0,0,4,0
9,61.05,431.25,one-year,electronic_check,0,0,0,0,4,0
1,114.83,471.96,one-year,bank_transfer,1,1,1,0,4,1
12,70.23,942.99,two-year,credit_card,1,0,0,0,1,0
12,72.81,1050.09,one-year,credit_card,1,0,1,0,6,0
44,119.68,5390.4,one-year,mailed_check,1,1,0,0,5,0
53,77.7,3845.22,month-to-month,bank_transfer,1,1,1,0,5,0
45,88.0,4044.11,two-year,credit_card,1,0,1,0,3,0
54,33.84,1903.31,one-year,electronic_check,1,0,0,1,2,0
17,116.64,2230.49,two-year,mailed_check,0,0,0,0,3,0
14,64.28,1137.1,two-year,electronic_check,0,1,0,0,2,0
61,28.31,1686.07,one-year,credit_card,0,1,1,0,6,0
29,24.67,640.66,two-year,credit_card,1,0,0,0,3,0
11,89.56,1262.31,month-to-month,bank_transfer,0,1,1,1,4,0
19,88.31,1799.27,two-year,bank_transfer,1,1,0,0,5,0
45,65.01,2830.2,two-year,credit_card,0,1,0,0,3,0
26,28.89,702.19,one-year,electronic_check,0,0,0,0,4,0
29,60.26,1609.76,month-to-month,mailed_check,0,1,0,0,2,0
3,67.38,67.38,month-to-month,mailed_check,1,0,0,0,3,0
54,79.76,4473.54,month-to-month,credit_card,0,0,1,0,5,0
1,85.63,85.63,month-to-month,mailed_check,1,0,0,0,5,1
26,24.65,644.41,one-year,mailed_check,1,1,1,0,4,0
2,108.64,420.76,month-to-month,electronic_check,1,0,0,0,3,0
1,44.57,156.63,one-year,bank_transfer,1,0,0,0,4,0
49,66.63,3222.73,two-year,credit_card,1,0,1,1,6,0
46,58.02,2396.62,month-to-month,electronic_check,1,0,0,0,2,0
55,67.59,3795.93,one-year,bank_transfer,1,1,0,0,4,0
60,59.75,3346.2,one-year,bank_transfer,0,1,1,0,6,0
54,59.34,3114.05,one-year,credit_card,1,1,0,0,3,0
43,53.4,2349.62,one-year,credit_card,1,1,0,0,5,0
8,79.89,601.99,two-year,electronic_check,1,1,0,0,2,0
39,111.06,4698.26,two-year,credit_card,1,0,0,0,3,0
5,77.14,192.51,one-year,bank_transfer,1,1,1,1,1,0
48,34.21,1530.76,two-year,mailed_check,0,0,1,0,4,0
30,23.1,198.62,one-year,mailed_check,1,0,0,0,4,0
46,96.19,4513.75,one-year,credit_card,1,0,0,0,4,0
6,45.74,257.5,month-to-month,bank_transfer,0,0,0,0,3,1
27,81.05,2453.55,one-year,credit_card,0,0,1,0,6,0
58,36.0,1805.8,one-year,electronic_check,0,0,1,0,6,0
33,80.55,2816.64,two-year,electronic_check,1,1,1,0,4,0
27,101.98,2765.21,two-year,electronic_check,1,1,0,0,1,0
38,75.27,2927.0,one-year,credit_card,0,0,0,0,1,0
33,85.47,2796.3,month-to-month,bank_transfer,1,0,1,0,1,0
62,93.41,5698.57,one-year,bank_transfer,0,1,0,0,2,0
13,81.81,977.35,one-year,credit_card,1,0,0,0,1,0
49,65.05,3026.7,two-year,credit_card,0,0,0,0,2,0
72,42.58,2854.31,one-year,credit_card,0,1,1,0,3,0
46,61.15,2803.6,month-to-month,bank_transfer,1,1,1,0,5,0
51,34.58,1867.5,month-to-month,electronic_check,0,0,0,1,6,0
10,44.66,506.75,two-year,credit_card,0,1,1,1,4,0
44,42.03,2181.94,month-to-month,credit_card,1,1,0,0,5,0
50,116.96,5788.56,one-year,credit_card,0,1,1,0,5,0
22,42.02,688.63,two-year,electronic_check,0,0,0,1,1,0
47,87.21,4043.02,one-year,mailed_check,0,0,1,0,3,0
71,105.26,6946.58,two-year,bank_transfer,0,0,1,0,5,0
18,53.13,953.28,two-year,bank_transfer,0,0,0,0,6,0
7,41.41,52.42,month-to-month,credit_card,0,1,0,0,4,0
46,108.23,5138.48,one-year,credit_card,0,1,1,0,6,0
27,89.6,2453.21,month-to-month,mailed_check,1,1,1,0,5,0
16,110.42,1559.15,month-to-month,bank_transfer,0,1,1,0,6,1
23,83.18,2396.4,one-year,mailed_check,0,0,0,0,6,0
5,77.51,370.43,one-year,credit_card,1,1,1,0,4,0
26,95.04,2500.72,month-to-month,electronic_check,1,1,1,0,3,0
56,60.6,3208.03,two-year,mailed_check,1,0,1,1,4,0
7,58.42,128.67,one-year,electronic_check,1,0,0,0,6,1
18,107.1,2041.98,one-year,credit_card,1,0,1,0,5,0
46,22.73,1037.59,one-year,mailed_check,1,0,1,0,6,0
24,69.46,1831.22,one-year,bank_transfer,1,1,0,0,6,0
4,83.22,431.62,month-to-month,bank_transfer,0,0,0,0,6,0
34,89.39,2603.1,month-to-month,mailed_check,1,0,1,0,1,0
38,70.17,2633.14,two-year,credit_card,1,0,0,0,3,0
72,79.03,5658.85,month-to-month,bank_transfer,1,1,0,0,3,0
45,112.07,4877.37,one-year,bank_transfer,0,1,1,1,1,0
6,24.71,398.99,two-year,mailed_check,0,0,0,1,5,0
27,61.21,1899.69,two-year,credit_card,0,1,0,0,3,0
50,82.78,4372.7,two-year,electronic_check,0,0,1,0,3,0
27,44.7,1129.21,two-year,electronic_check,0,0,0,0,2,1
66,110.29,7438.36,month-to-month,mailed_check,1,1,0,0,5,0
42,51.55,2118.09,one-year,credit_card,0,0,1,0,4,0
1,118.2,348.09,two-year,mailed_check,0,1,0,0,4,0
15,39.55,532.33,two-year,electronic_check,0,1,1,0,3,0
47,72.89,3545.2,month-to-month,mailed_check,0,0,1,0,6,1
48,57.64,2570.37,two-year,credit_card,1,0,0,0,1,1
22,90.59,1944.27,month-to-month,credit_card,1,1,1,0,3,0
61,38.96,2365.89,month-to-month,electronic_check,1,0,0,0,5,0
35,78.41,3023.84,two-year,mailed_check,1,0,0,0,1,0
12,30.24,406.54,two-year,electronic_check,0,0,0,1,2,1
11,82.21,626.26,month-to-month,bank_transfer,1,1,1,0,6,0
6,103.85,602.39,month-to-month,bank_transfer,0,0,0,0,3,1
38,85.2,3154.04,month-to-month,mailed_check,0,1,1,0,4,0
5,99.72,791.39,one-year,credit_card,0,0,1,0,3,0
64,22.46,1692.4,two-year,bank_transfer,0,0,1,0,3,0
5,40.86,258.09,one-year,mailed_check,0,1,0,0,2,0
45,71.1,3225.16,month-to-month,credit_card,0,1,0,0,6,0
54,74.41,4221.63,month-to-month,credit_card,1,1,0,0,4,0
66,31.96,2193.38,month-to-month,mailed_check,1,1,1,0,6,0
28,57.67,1664.08,two-year,bank_transfer,1,0,0,1,3,0
49,73.26,3373.65,two-year,electronic_check,0,0,0,0,5,0
33,54.31,1635.72,one-year,mailed_check,0,1,1,0,2,0
8,47.46,378.0,month-to-month,credit_card,1,1,1,0,3,0
34,100.96,3246.9,one-year,electronic_check,1,1,1,0,5,1
38,93.4,3606.8,two-year,mailed_check,1,1,1,0,5,0
4,43.5,399.68,two-year,electronic_check,0,0,0,0,1,0
56,89.7,4849.17,one-year,bank_transfer,0,1,1,0,2,0
57,93.26,5468.0,month-to-month,bank_transfer,1,0,0,0,1,0
68,87.09,5907.88,one-year,mailed_check,0,0,0,0,4,0
6,63.34,611.96,one-year,bank_transfer,1,0,0,0,2,0
72,85.73,5954.59,one-year,bank_transfer,0,1,0,1,1,0
68,37.3,2414.9,two-year,bank_transfer,1,0,0,0,5,0
48,107.66,5131.35,one-year,credit_card,0,0,1,0,1,0
72,41.99,3213.12,one-year,electronic_check,0,0,1,0,3,0
37,75.51,2706.47,two-year,mailed_check,0,0,1,1,5,0
28,36.89,1238.97,two-year,credit_card,0,0,1,0,4,0
18,47.93,904.16,two-year,mailed_check,0,1,1,0,2,0
4,112.12,527.65,month-to-month,electronic_check,1,1,0,1,3,0
65,103.28,6591.16,month-to-month,electronic_check,1,1,0,0,4,0
10,54.28,643.45,month-to-month,credit_card,1,1,1,1,4,0
8,112.98,949.51,one-year,electronic_check,1,0,0,0,4,1
17,40.67,551.8,one-year,electronic_check,0,0,0,1,4,0
69,53.58,3791.95,one-year,bank_transfer,1,1,0,0,5,0
47,69.3,3352.51,month-to-month,bank_transfer,0,0,0,0,2,0
61,117.16,7099.42,month-to-month,credit_card,0,0,0,1,2,1
4,55.02,56.24,one-year,bank_transfer,1,0,0,0,3,0
51,52.34,2796.58,one-year,mailed_check,1,0,0,0,1,0
46,109.74,5111.43,one-year,electronic_check,0,1,1,1,2,0
33,62.57,1876.87,month-to-month,bank_transfer,1,1,1,1,3,0
2,46.3,46.3,month-to-month,bank_transfer,1,0,0,0,4,1
19,55.35,856.12,one-year,electronic_check,0,1,0,0,6,0
6,88.85,678.81,two-year,mailed_check,0,0,0,0,1,1
44,41.92,2047.41,month-to-month,credit_card,0,1,1,0,3,1
45,20.34,907.75,two-year,mailed_check,0,1,0,0,5,0
68,91.26,6078.74,two-year,bank_transfer,1,1,1,0,5,0
58,76.59,4485.56,one-year,bank_transfer,1,1,0,0,6,0
39,39.73,1198.58,one-year,mailed_check,1,1,1,1,6,0
58,71.29,4000.32,one-year,bank_transfer,1,0,0,0,1,0
1,73.42,73.42,two-year,electronic_check,1,0,0,0,5,0
21,99.95,2033.43,two-year,bank_transfer,1,1,0,0,1,1
2,91.83,145.51,one-year,mailed_check,0,1,0,0,5,0
45,64.14,2641.33,month-to-month,bank_transfer,1,0,0,0,1,1
40,100.31,3935.87,two-year,mailed_check,0,1,0,0,2,0
42,72.12,3287.24,two-year,bank_transfer,0,1,0,1,1,0
25,108.23,2707.04,one-year,credit_card,1,0,1,0,4,0
71,65.46,4692.53,month-to-month,credit_card,1,0,1,0,2,0
53,112.5,5993.71,one-year,mailed_check,1,1,0,1,6,0
9,70.39,823.55,two-year,mailed_check,1,0,0,0,1,0
44,98.22,4343.25,one-year,credit_card,0,0,0,0,2,0
15,35.27,231.06,two-year,credit_card,1,0,0,1,1,0
70,110.68,7721.56,one-year,credit_card,0,1,1,0,5,0
9,22.05,359.92,one-year,credit_card,0,1,0,0,5,0
20,55.01,959.58,month-to-month,electronic_check,1,0,1,0,1,1
63,20.02,1336.1,one-year,electronic_check,1,1,1,1,2,0
21,109.91,2517.22,month-to-month,electronic_check,1,0,1,0,3,0
43,18.2,904.45,one-year,bank_transfer,1,0,0,0,2,0
60,82.19,4880.94,month-to-month,bank_transfer,0,0,0,1,1,0
17,19.46,522.56,one-year,mailed_check,1,1,1,0,2,0
63,74.57,4566.07,month-to-month,credit_card,1,1,0,1,5,0
54,57.92,2766.21,month-to-month,mailed_check,0,0,1,0,3,0
9,110.51,894.42,two-year,mailed_check,0,1,1,0,5,0
33,118.72,4197.84,one-year,electronic_check,1,1,1,0,1,0
58,29.35,1741.49,two-year,bank_transfer,0,1,0,1,2,0
49,61.48,2868.66,two-year,electronic_check,0,1,1,0,3,0
40,52.96,2107.47,two-year,credit_card,0,0,0,0,2,0
42,95.19,4198.93,one-year,bank_transfer,0,0,0,0,3,0
43,91.77,3985.22,two-year,bank_transfer,0,1,1,0,6,0
20,85.78,2259.63,two-year,credit_card,0,0,0,0,4,0
10,98.82,1156.5,one-year,mailed_check,0,0,1,0,1,0
46,94.37,4060.9,month-to-month,bank_transfer,0,1,0,0,2,0
15,54.54,506.67,one-year,electronic_check,0,0,1,0,5,0
47,20.31,1235.55,two-year,bank_transfer,0,1,0,1,5,0
12,24.34,50.15,one-year,bank_transfer,0,0,0,0,2,0
2,87.09,87.09,month-to-month,mailed_check,1,0,0,0,5,1
26,113.29,3197.22,one-year,bank_transfer,0,0,1,0,6,0
44,41.33,1490.19,one-year,credit_card,1,0,1,0,2,0
38,31.67,1268.46,two-year,electronic_check,1,0,1,0,5,0
65,106.95,7168.01,two-year,bank_transfer,1,1,0,0,3,0
34,43.1,1507.3,one-year,bank_transfer,1,0,1,0,5,0
72,114.15,8094.77,one-year,electronic_check,1,1,0,0,3,0
3,18.96,18.96,one-year,credit_card,0,1,1,0,3,0
5,91.57,199.07,one-year,mailed_check,0,1,0,0,2,0
44,99.72,4677.72,month-to-month,credit_card,0,1,1,0,5,0
24,106.37,2343.5,one-year,mailed_check,0,0,0,0,2,0
68,91.38,6162.98,month-to-month,credit_card,0,0,1,0,4,0
27,55.21,1527.44,one-year,bank_transfer,0,1,0,0,5,0
29,74.43,2329.78,one-year,credit_card,0,1,0,0,6,0
11,111.12,1522.31,one-year,bank_transfer,1,1,0,0,4,0
55,98.18,5509.1,month-to-month,mailed_check,0,0,0,0,5,1
71,60.91,4011.52,one-year,electronic_check,0,1,1,0,3,0
57,98.6,5875.62,two-year,electronic_check,0,1,1,0,1,0
17,119.68,1536.93,two-year,mailed_check,1,1,1,1,3,0
31,38.96,1216.08,one-year,mailed_check,1,1,0,0,6,0
13,70.83,680.03,month-to-month,bank_transfer,1,0,0,0,3,0
71,51.18,3760.72,month-to-month,mailed_check,1,1,0,0,1,0
31,99.55,2872.44,two-year,electronic_check,1,1,1,0,2,0
60,83.86,5106.24,one-year,mailed_check,1,1,0,0,3,0
45,106.52,4703.01,month-to-month,bank_transfer,0,1,0,0,2,0
26,22.06,393.71,two-year,mailed_check,1,0,1,0,2,0
44,20.37,858.4,one-year,credit_card,1,1,0,0,3,0
55,26.35,1678.63,one-year,electronic_check,1,0,0,0,3,0
14,84.15,1170.42,one-year,credit_card,1,0,1,0,5,0
41,77.47,3185.09,month-to-month,credit_card,0,0,1,1,6,1
71,30.42,2224.44,two-year,bank_transfer,1,0,0,0,5,0
72,103.78,7688.3,one-year,bank_transfer,0,1,1,1,5,0
60,93.18,5272.63,month-to-month,credit_card,1,1,1,0,2,0
40,78.9,3245.85,two-year,bank_transfer,0,0,1,0,3,0
11,67.72,664.66,month-to-month,mailed_check,1,0,0,0,2,0
63,86.99,5366.67,one-year,electronic_check,0,1,1,0,1,0
67,107.57,7063.76,one-year,electronic_check,0,1,0,0,4,0
13,96.26,1247.84,one-year,bank_transfer,0,0,1,1,3,1
26,46.89,1444.96,two-year,mailed_check,1,1,1,0,6,0
